"strategy","cohort","time_month","threshold","net_benefit"
"refit","training",6,0.01,0.372025383395029
"refit","training",6,0.02,0.365617479143958
"refit","training",6,0.03,0.359077453155751
"refit","training",6,0.04,0.352401176626124
"refit","training",6,0.05,0.345637749618345
"refit","training",6,0.06,0.339528283001601
"refit","training",6,0.07,0.332959406369363
"refit","training",6,0.08,0.327061642830574
"refit","training",6,0.09,0.3210221369287
"refit","training",6,0.1,0.314622855465728
"refit","training",6,0.11,0.308215725806452
"refit","training",6,0.12,0.302489973945266
"refit","training",6,0.13,0.297189818584223
"refit","training",6,0.14,0.292894298772582
"refit","training",6,0.15,0.287202297343198
"refit","training",6,0.16,0.284092087710788
"refit","training",6,0.17,0.277354813416931
"refit","training",6,0.18,0.272939184384555
"refit","training",6,0.19,0.26610944630511
"refit","training",6,0.2,0.262036459357789
"refit","training",6,0.21,0.258870673428301
"refit","training",6,0.22,0.254069322050364
"refit","training",6,0.23,0.249867259910252
"refit","training",6,0.24,0.243982833262468
"refit","training",6,0.25,0.241795679303038
"refit","training",6,0.26,0.233322971982246
"refit","training",6,0.27,0.230069479983023
"refit","training",6,0.28,0.228184318082071
"refit","training",6,0.29,0.224066290532569
"refit","training",6,0.3,0.219944102173612
"refit","training",6,0.31,0.219427067137136
"refit","training",6,0.32,0.220088660993691
"refit","training",6,0.33,0.214033939036741
"refit","training",6,0.34,0.207708238504225
"refit","training",6,0.35,0.205006103686161
"refit","training",6,0.36,0.199867166498656
"refit","training",6,0.37,0.198193282071202
"refit","training",6,0.38,0.199373248118045
"refit","training",6,0.39,0.195536282655509
"refit","training",6,0.4,0.196154494481706
"refit","training",6,0.41,0.195268948724163
"refit","training",6,0.42,0.185196445470091
"refit","training",6,0.43,0.18967685105597
"refit","training",6,0.44,0.183214769993067
"refit","training",6,0.45,0.176094865268633
"refit","training",6,0.46,0.182756765951737
"refit","training",6,0.47,0.173805649877382
"refit","training",6,0.48,0.162330905306972
"refit","training",6,0.49,0.158387510665665
"refit","training",6,0.5,0.149611175115207
"refit","training",6,0.51,0.148102569473537
"refit","training",6,0.52,0.141733870967742
"refit","training",6,0.53,0.140480664288849
"refit","training",6,0.54,0.132273690468931
"refit","training",6,0.55,0.125744047619048
"refit","training",6,0.56,0.122181382262027
"refit","training",6,0.57,0.115854679207185
"refit","training",6,0.58,0.113389435141671
"refit","training",6,0.59,0.110277999707998
"refit","training",6,0.6,0.108234295415959
"refit","training",6,0.61,0.105659037482043
"refit","training",6,0.62,0.104948439188146
"refit","training",6,0.63,0.102127032155495
"refit","training",6,0.64,0.0983655149051491
"refit","training",6,0.65,0.097578400861811
"refit","training",6,0.66,0.0949703338558425
"refit","training",6,0.67,0.0846866761456204
"refit","training",6,0.68,0.0824092741935484
"refit","training",6,0.69,0.0836127102144943
"refit","training",6,0.7,0.087574156470152
"refit","training",6,0.71,0.0774819243604004
"refit","training",6,0.72,0.0705645161290323
"refit","training",6,0.73,0.0690337514934289
"refit","training",6,0.74,0.0618021091811414
"refit","training",6,0.75,0.0493951612903226
"refit","training",6,0.76,0.0379704301075269
"refit","training",6,0.77,0.0265164796633941
"refit","training",6,0.78,0.0175953079178886
"refit","training",6,0.79,0.0113287250384025
"refit","training",6,0.8,0.00705645161290323
"refit","training",6,0.81,0.00403225806451613
"refit","training",6,0.82,0.00100806451612903
"refit","training",6,0.83,NA
"refit","training",6,0.84,NA
"refit","training",6,0.85,NA
"refit","training",6,0.86,NA
"refit","training",6,0.87,NA
"refit","training",6,0.88,NA
"refit","training",6,0.89,NA
"refit","training",6,0.9,NA
"refit","training",6,0.91,NA
"refit","training",6,0.92,NA
"refit","training",6,0.93,NA
"refit","training",6,0.94,NA
"refit","training",6,0.95,NA
"refit","training",6,0.96,NA
"refit","training",6,0.97,NA
"refit","training",6,0.98,NA
"refit","training",6,0.99,NA
"refit","validation",6,0.01,0.345304900860457
"refit","validation",6,0.02,0.338624338624339
"refit","validation",6,0.03,0.331806032836961
"refit","validation",6,0.04,0.324845679012346
"refit","validation",6,0.05,0.317738791423002
"refit","validation",6,0.06,0.310480693459417
"refit","validation",6,0.07,0.303066507367583
"refit","validation",6,0.08,0.29549114331723
"refit","validation",6,0.09,0.287749287749288
"refit","validation",6,0.1,0.279835390946502
"refit","validation",6,0.11,0.271743653766126
"refit","validation",6,0.12,0.263468013468014
"refit","validation",6,0.13,0.255610238766588
"refit","validation",6,0.14,0.247663551401869
"refit","validation",6,0.15,0.239624814032837
"refit","validation",6,0.16,0.233813088439574
"refit","validation",6,0.17,0.229083316186949
"refit","validation",6,0.18,0.221573504215474
"refit","validation",6,0.19,0.222441844121161
"refit","validation",6,0.2,0.213180856689582
"refit","validation",6,0.21,0.207065856173114
"refit","validation",6,0.22,0.202147284876535
"refit","validation",6,0.23,0.197004302055236
"refit","validation",6,0.24,0.196323118455325
"refit","validation",6,0.25,0.200764006791171
"refit","validation",6,0.26,0.203692797121074
"refit","validation",6,0.27,0.202951075860156
"refit","validation",6,0.28,0.209677419354839
"refit","validation",6,0.29,0.217989711032395
"refit","validation",6,0.3,0.206378299120235
"refit","validation",6,0.31,0.202152335742799
"refit","validation",6,0.32,0.201612903225806
"refit","validation",6,0.33,0.192886374578719
"refit","validation",6,0.34,0.18291788856305
"refit","validation",6,0.35,0.17741935483871
"refit","validation",6,0.36,0.164314516129032
"refit","validation",6,0.37,0.166154633896569
"refit","validation",6,0.38,0.170265348595213
"refit","validation",6,0.39,0.173453199365415
"refit","validation",6,0.4,0.165322580645161
"refit","validation",6,0.41,0.168193001640241
"refit","validation",6,0.42,0.159343715239155
"refit","validation",6,0.43,0.143817204301075
"refit","validation",6,0.44,0.138824884792627
"refit","validation",6,0.45,0.136730205278592
"refit","validation",6,0.46,0.140830346475508
"refit","validation",6,0.47,0.142118076688984
"refit","validation",6,0.48,0.136166253101737
"refit","validation",6,0.49,0.118358633776091
"refit","validation",6,0.5,0.120967741935484
"refit","validation",6,0.51,0.115783410138249
"refit","validation",6,0.52,0.123319892473118
"refit","validation",6,0.53,0.118393960192176
"refit","validation",6,0.54,0.118162692847125
"refit","validation",6,0.55,0.106182795698925
"refit","validation",6,0.56,0.101539589442815
"refit","validation",6,0.57,0.103525881470368
"refit","validation",6,0.58,0.092741935483871
"refit","validation",6,0.59,0.0766129032258065
"refit","validation",6,0.6,0.0766129032258065
"refit","validation",6,0.61,0.0645161290322581
"refit","validation",6,0.62,0.0524193548387097
"refit","validation",6,0.63,0.0483870967741935
"refit","validation",6,0.64,0.0403225806451613
"refit","validation",6,0.65,0.0201612903225806
"refit","validation",6,0.66,0.00806451612903226
"refit","validation",6,0.67,0.00403225806451613
"refit","validation",6,0.68,0.00403225806451613
"refit","validation",6,0.69,0.00403225806451613
"refit","validation",6,0.7,0.00403225806451613
"refit","validation",6,0.71,0.00403225806451613
"refit","validation",6,0.72,NA
"refit","validation",6,0.73,NA
"refit","validation",6,0.74,NA
"refit","validation",6,0.75,NA
"refit","validation",6,0.76,NA
"refit","validation",6,0.77,NA
"refit","validation",6,0.78,NA
"refit","validation",6,0.79,NA
"refit","validation",6,0.8,NA
"refit","validation",6,0.81,NA
"refit","validation",6,0.82,NA
"refit","validation",6,0.83,NA
"refit","validation",6,0.84,NA
"refit","validation",6,0.85,NA
"refit","validation",6,0.86,NA
"refit","validation",6,0.87,NA
"refit","validation",6,0.88,NA
"refit","validation",6,0.89,NA
"refit","validation",6,0.9,NA
"refit","validation",6,0.91,NA
"refit","validation",6,0.92,NA
"refit","validation",6,0.93,NA
"refit","validation",6,0.94,NA
"refit","validation",6,0.95,NA
"refit","validation",6,0.96,NA
"refit","validation",6,0.97,NA
"refit","validation",6,0.98,NA
"refit","validation",6,0.99,NA
"external","validation",6,0.01,0.345304900860457
"external","validation",6,0.02,0.338624338624339
"external","validation",6,0.03,0.331806032836961
"external","validation",6,0.04,0.324845679012346
"external","validation",6,0.05,0.317738791423002
"external","validation",6,0.06,0.311005843526899
"external","validation",6,0.07,0.303684019437178
"external","validation",6,0.08,0.296559041015612
"external","validation",6,0.09,0.28977048406417
"external","validation",6,0.1,0.283010495446828
"external","validation",6,0.11,0.268199484828118
"external","validation",6,0.12,0.262055241754908
"external","validation",6,0.13,0.25139043381535
"external","validation",6,0.14,0.242747542555742
"external","validation",6,0.15,0.237803355637671
"external","validation",6,0.16,0.220198440526281
"external","validation",6,0.17,0.216572724489596
"external","validation",6,0.18,0.215139150641319
"external","validation",6,0.19,0.202446361756773
"external","validation",6,0.2,0.195010702907208
"external","validation",6,0.21,0.189790475704369
"external","validation",6,0.22,0.189232810200552
"external","validation",6,0.23,0.171072545271434
"external","validation",6,0.24,0.160741467127217
"external","validation",6,0.25,0.153483184625944
"external","validation",6,0.26,0.147893802246269
"external","validation",6,0.27,0.154290955842186
"external","validation",6,0.28,0.150806451612903
"external","validation",6,0.29,0.13932481854604
"external","validation",6,0.3,0.12975107329946
"external","validation",6,0.31,0.127766090073243
"external","validation",6,0.32,0.121283997469956
"external","validation",6,0.33,0.104819641810113
"external","validation",6,0.34,0.104756418696511
"external","validation",6,0.35,0.105378142194411
"external","validation",6,0.36,0.100458843159066
"external","validation",6,0.37,0.0865297731996024
"external","validation",6,0.38,0.0749029212456537
"external","validation",6,0.39,0.0804607698516518
"external","validation",6,0.4,0.0789463859020311
"external","validation",6,0.41,0.0820278761657989
"external","validation",6,0.42,0.0804713570634038
"external","validation",6,0.43,0.0869183620615234
"external","validation",6,0.44,0.0847545671494404
"external","validation",6,0.45,0.0937852470110535
"external","validation",6,0.46,0.0962469217077512
"external","validation",6,0.47,0.110429730074028
"external","validation",6,0.48,0.103016439205955
"external","validation",6,0.49,0.0917418841991897
"external","validation",6,0.5,0.0971407624633431
"external","validation",6,0.51,0.0945972230534443
"external","validation",6,0.52,0.0923083593479015
"external","validation",6,0.53,0.0820668693009119
"external","validation",6,0.54,0.0811711079943899
"external","validation",6,0.55,0.0840800477897252
"external","validation",6,0.56,0.0779264418377322
"external","validation",6,0.57,0.0812893440751492
"external","validation",6,0.58,0.0751602885193348
"external","validation",6,0.59,0.0727773406766326
"external","validation",6,0.6,0.0665322580645161
"external","validation",6,0.61,0.0561414392059553
"external","validation",6,0.62,0.0602716468590832
"external","validation",6,0.63,0.0539450741063644
"external","validation",6,0.64,0.0586917562724014
"external","validation",6,0.65,0.0714285714285714
"external","validation",6,0.66,0.0697343453510436
"external","validation",6,0.67,0.0679374389051808
"external","validation",6,0.68,0.0619959677419355
"external","validation",6,0.69,0.0559313215400624
"external","validation",6,0.7,0.0497311827956989
"external","validation",6,0.71,0.039349276974416
"external","validation",6,0.72,0.0455069124423963
"external","validation",6,0.73,0.0318100358422939
"external","validation",6,0.74,0.0334987593052109
"external","validation",6,0.75,0.0201612903225806
"external","validation",6,0.76,0.0315860215053764
"external","validation",6,0.77,0.0106942496493689
"external","validation",6,0.78,-0.00219941348973607
"external","validation",6,0.79,-0.00710445468509984
"external","validation",6,0.8,0.00403225806451613
"external","validation",6,0.81,NA
"external","validation",6,0.82,NA
"external","validation",6,0.83,NA
"external","validation",6,0.84,NA
"external","validation",6,0.85,NA
"external","validation",6,0.86,NA
"external","validation",6,0.87,NA
"external","validation",6,0.88,NA
"external","validation",6,0.89,NA
"external","validation",6,0.9,NA
"external","validation",6,0.91,NA
"external","validation",6,0.92,NA
"external","validation",6,0.93,NA
"external","validation",6,0.94,NA
"external","validation",6,0.95,NA
"external","validation",6,0.96,NA
"external","validation",6,0.97,NA
"external","validation",6,0.98,NA
"external","validation",6,0.99,NA
"refit","training",12,0.01,0.59560479907748
"refit","training",12,0.02,0.591478317435413
"refit","training",12,0.03,0.587266753697634
"refit","training",12,0.04,0.582967449048651
"refit","training",12,0.05,0.578577632722847
"refit","training",12,0.06,0.574094416049686
"refit","training",12,0.07,0.569514786114737
"refit","training",12,0.08,0.564835599007288
"refit","training",12,0.09,0.560053572622753
"refit","training",12,0.1,0.555165278985228
"refit","training",12,0.11,0.550167136052478
"refit","training",12,0.12,0.545055398962165
"refit","training",12,0.13,0.539978142754037
"refit","training",12,0.14,0.535964765774907
"refit","training",12,0.15,0.531688271920989
"refit","training",12,0.16,0.5260569488895
"refit","training",12,0.17,0.52121364712919
"refit","training",12,0.18,0.516326017951314
"refit","training",12,0.19,0.51139242018315
"refit","training",12,0.2,0.506664767592629
"refit","training",12,0.21,0.501380338756939
"refit","training",12,0.22,0.4968701841869
"refit","training",12,0.23,0.49146537713299
"refit","training",12,0.24,0.487572000255873
"refit","training",12,0.25,0.482073920318356
"refit","training",12,0.26,0.477607664940019
"refit","training",12,0.27,0.471770483967293
"refit","training",12,0.28,0.466920086532689
"refit","training",12,0.29,0.462460553997195
"refit","training",12,0.3,0.456281213131488
"refit","training",12,0.31,0.451671621407344
"refit","training",12,0.32,0.44960472741987
"refit","training",12,0.33,0.439749377926092
"refit","training",12,0.34,0.434370437674901
"refit","training",12,0.35,0.431113837206467
"refit","training",12,0.36,0.42507674183822
"refit","training",12,0.37,0.422114294281856
"refit","training",12,0.38,0.421146546288375
"refit","training",12,0.39,0.415071212200257
"refit","training",12,0.4,0.408674236845375
"refit","training",12,0.41,0.403761909993561
"refit","training",12,0.42,0.399130460317254
"refit","training",12,0.43,0.397342431918951
"refit","training",12,0.44,0.386377801370077
"refit","training",12,0.45,0.3877584210695
"refit","training",12,0.46,0.384347024996392
"refit","training",12,0.47,0.384078660350153
"refit","training",12,0.48,0.380902720610815
"refit","training",12,0.49,0.373923806672541
"refit","training",12,0.5,0.36427098975451
"refit","training",12,0.51,0.362015080083241
"refit","training",12,0.52,0.359154738624734
"refit","training",12,0.53,0.353439950691644
"refit","training",12,0.54,0.343788608420636
"refit","training",12,0.55,0.347498519877552
"refit","training",12,0.56,0.343885635809036
"refit","training",12,0.57,0.33858261850448
"refit","training",12,0.58,0.334687129160952
"refit","training",12,0.59,0.331453262961966
"refit","training",12,0.6,0.327048379051031
"refit","training",12,0.61,0.326053879677864
"refit","training",12,0.62,0.318728346908079
"refit","training",12,0.63,0.316496337299635
"refit","training",12,0.64,0.30902577764977
"refit","training",12,0.65,0.311516389879141
"refit","training",12,0.66,0.304397265282707
"refit","training",12,0.67,0.296008354606637
"refit","training",12,0.68,0.282015558429702
"refit","training",12,0.69,0.274989388794567
"refit","training",12,0.7,0.264777796842828
"refit","training",12,0.71,0.243815729598544
"refit","training",12,0.72,0.234513791491351
"refit","training",12,0.73,0.220746572225067
"refit","training",12,0.74,0.188713871591991
"refit","training",12,0.75,0.194272489777374
"refit","training",12,0.76,0.180466116995667
"refit","training",12,0.77,0.168905239107813
"refit","training",12,0.78,0.159027811162925
"refit","training",12,0.79,0.162274169330621
"refit","training",12,0.8,0.158072270471464
"refit","training",12,0.81,0.143866956473068
"refit","training",12,0.82,0.128541559993173
"refit","training",12,0.83,0.118062144212524
"refit","training",12,0.84,0.109857117812062
"refit","training",12,0.85,0.1022697710718
"refit","training",12,0.86,0.100533862738644
"refit","training",12,0.87,0.0887096774193548
"refit","training",12,0.88,0.0715725806451613
"refit","training",12,0.89,0.0564516129032258
"refit","training",12,0.9,0.0403225806451613
"refit","training",12,0.91,0.0262096774193548
"refit","training",12,0.92,0.0171370967741935
"refit","training",12,0.93,0.00806451612903226
"refit","training",12,0.94,0.00201612903225806
"refit","training",12,0.95,NA
"refit","training",12,0.96,NA
"refit","training",12,0.97,NA
"refit","training",12,0.98,NA
"refit","training",12,0.99,NA
"refit","validation",12,0.01,0.558080808080808
"refit","validation",12,0.02,0.553571428571429
"refit","validation",12,0.03,0.548969072164949
"refit","validation",12,0.04,0.544270833333333
"refit","validation",12,0.05,0.539473684210526
"refit","validation",12,0.06,0.534574468085106
"refit","validation",12,0.07,0.529569892473118
"refit","validation",12,0.08,0.52445652173913
"refit","validation",12,0.09,0.519230769230769
"refit","validation",12,0.1,0.513888888888889
"refit","validation",12,0.11,0.508426966292135
"refit","validation",12,0.12,0.502840909090909
"refit","validation",12,0.13,0.497126436781609
"refit","validation",12,0.14,0.491279069767442
"refit","validation",12,0.15,0.485294117647059
"refit","validation",12,0.16,0.479166666666667
"refit","validation",12,0.17,0.47289156626506
"refit","validation",12,0.18,0.466463414634146
"refit","validation",12,0.19,0.459876543209877
"refit","validation",12,0.2,0.453125
"refit","validation",12,0.21,0.44620253164557
"refit","validation",12,0.22,0.439102564102564
"refit","validation",12,0.23,0.433034800908019
"refit","validation",12,0.24,0.426913587103121
"refit","validation",12,0.25,0.419379961812883
"refit","validation",12,0.26,0.411642725028315
"refit","validation",12,0.27,0.403693509153758
"refit","validation",12,0.28,0.397104851330203
"refit","validation",12,0.29,0.390444309190505
"refit","validation",12,0.3,0.385450954575379
"refit","validation",12,0.31,0.382373417078277
"refit","validation",12,0.32,0.379562451166425
"refit","validation",12,0.33,0.376988469188758
"refit","validation",12,0.34,0.377025576684705
"refit","validation",12,0.35,0.375373507593572
"refit","validation",12,0.36,0.365428720771463
"refit","validation",12,0.37,0.369022573966473
"refit","validation",12,0.38,0.359371247898823
"refit","validation",12,0.39,0.353715696042025
"refit","validation",12,0.4,0.345296441513693
"refit","validation",12,0.41,0.343841642228739
"refit","validation",12,0.42,0.345980828371393
"refit","validation",12,0.43,0.338866165903517
"refit","validation",12,0.44,0.340318669283723
"refit","validation",12,0.45,0.334889522123241
"refit","validation",12,0.46,0.336056876061121
"refit","validation",12,0.47,0.339224879190546
"refit","validation",12,0.48,0.338642436967499
"refit","validation",12,0.49,0.350873888454812
"refit","validation",12,0.5,0.344416873449132
"refit","validation",12,0.51,0.347809107240491
"refit","validation",12,0.52,0.341061827956989
"refit","validation",12,0.53,0.316231983527797
"refit","validation",12,0.54,0.312412342215989
"refit","validation",12,0.55,0.319892473118279
"refit","validation",12,0.56,0.310850439882698
"refit","validation",12,0.57,0.316297824456114
"refit","validation",12,0.58,0.306643625192012
"refit","validation",12,0.59,0.297305271439811
"refit","validation",12,0.6,0.288306451612903
"refit","validation",12,0.61,0.283705541770058
"refit","validation",12,0.62,0.271434634974533
"refit","validation",12,0.63,0.274520488230166
"refit","validation",12,0.64,0.256272401433692
"refit","validation",12,0.65,0.257488479262673
"refit","validation",12,0.66,0.239326375711575
"refit","validation",12,0.67,0.229227761485826
"refit","validation",12,0.68,0.207157258064516
"refit","validation",12,0.69,0.206945889698231
"refit","validation",12,0.7,0.206989247311828
"refit","validation",12,0.71,0.206062291434928
"refit","validation",12,0.72,0.195276497695853
"refit","validation",12,0.73,0.17741935483871
"refit","validation",12,0.74,0.157258064516129
"refit","validation",12,0.75,0.125
"refit","validation",12,0.76,0.108870967741935
"refit","validation",12,0.77,0.100806451612903
"refit","validation",12,0.78,0.0887096774193548
"refit","validation",12,0.79,0.0806451612903226
"refit","validation",12,0.8,0.0645161290322581
"refit","validation",12,0.81,0.0524193548387097
"refit","validation",12,0.82,0.0403225806451613
"refit","validation",12,0.83,0.0282258064516129
"refit","validation",12,0.84,0.0241935483870968
"refit","validation",12,0.85,0.0120967741935484
"refit","validation",12,0.86,0.00403225806451613
"refit","validation",12,0.87,NA
"refit","validation",12,0.88,NA
"refit","validation",12,0.89,NA
"refit","validation",12,0.9,NA
"refit","validation",12,0.91,NA
"refit","validation",12,0.92,NA
"refit","validation",12,0.93,NA
"refit","validation",12,0.94,NA
"refit","validation",12,0.95,NA
"refit","validation",12,0.96,NA
"refit","validation",12,0.97,NA
"refit","validation",12,0.98,NA
"refit","validation",12,0.99,NA
"external","validation",12,0.01,0.558080808080808
"external","validation",12,0.02,0.553571428571429
"external","validation",12,0.03,0.548969072164949
"external","validation",12,0.04,0.544270833333333
"external","validation",12,0.05,0.539473684210526
"external","validation",12,0.06,0.534574468085106
"external","validation",12,0.07,0.529569892473118
"external","validation",12,0.08,0.52445652173913
"external","validation",12,0.09,0.519230769230769
"external","validation",12,0.1,0.513888888888889
"external","validation",12,0.11,0.508426966292135
"external","validation",12,0.12,0.502840909090909
"external","validation",12,0.13,0.497126436781609
"external","validation",12,0.14,0.491279069767442
"external","validation",12,0.15,0.486739434996187
"external","validation",12,0.16,0.481504619112525
"external","validation",12,0.17,0.475403431080068
"external","validation",12,0.18,0.470947326618962
"external","validation",12,0.19,0.464664716951574
"external","validation",12,0.2,0.459245391705069
"external","validation",12,0.21,0.454875616421145
"external","validation",12,0.22,0.449450677886863
"external","validation",12,0.23,0.43873973151673
"external","validation",12,0.24,0.431885288255702
"external","validation",12,0.25,0.423518869913557
"external","validation",12,0.26,0.412391932692266
"external","validation",12,0.27,0.408127282280599
"external","validation",12,0.28,0.402385752688172
"external","validation",12,0.29,0.398258482140808
"external","validation",12,0.3,0.392500409366301
"external","validation",12,0.31,0.384864837926542
"external","validation",12,0.32,0.377004690856201
"external","validation",12,0.33,0.372874789359653
"external","validation",12,0.34,0.360853510617064
"external","validation",12,0.35,0.357011566688986
"external","validation",12,0.36,0.349255062001387
"external","validation",12,0.37,0.335201693345533
"external","validation",12,0.38,0.32669037830584
"external","validation",12,0.39,0.319047828897115
"external","validation",12,0.4,0.321022727272727
"external","validation",12,0.41,0.311091891178522
"external","validation",12,0.42,0.299990185173068
"external","validation",12,0.43,0.290049721076886
"external","validation",12,0.44,0.271940331010453
"external","validation",12,0.45,0.257102272727273
"external","validation",12,0.46,0.239570573023002
"external","validation",12,0.47,0.232491079207094
"external","validation",12,0.48,0.226220016542597
"external","validation",12,0.49,0.231748492218332
"external","validation",12,0.5,0.222523041474654
"external","validation",12,0.51,0.205136893467064
"external","validation",12,0.52,0.20021828765462
"external","validation",12,0.53,0.190494037083099
"external","validation",12,0.54,0.185834502103787
"external","validation",12,0.55,0.179270227392914
"external","validation",12,0.56,0.167584655487881
"external","validation",12,0.57,0.160358397121404
"external","validation",12,0.58,0.160739645827899
"external","validation",12,0.59,0.144941454158375
"external","validation",12,0.6,0.131286853971557
"external","validation",12,0.61,0.137204812222935
"external","validation",12,0.62,0.126905081533541
"external","validation",12,0.63,0.124858967126519
"external","validation",12,0.64,0.118846353154554
"external","validation",12,0.65,0.124039938556067
"external","validation",12,0.66,0.118964096674323
"external","validation",12,0.67,0.118339827796301
"external","validation",12,0.68,0.119222436206066
"external","validation",12,0.69,0.135300929811017
"external","validation",12,0.7,0.14064027370479
"external","validation",12,0.71,0.119994438264739
"external","validation",12,0.72,0.100002679241239
"external","validation",12,0.73,0.0970145991782499
"external","validation",12,0.74,0.0829714640198512
"external","validation",12,0.75,0.0890198511166252
"external","validation",12,0.76,0.100134408602151
"external","validation",12,0.77,0.0923913043478262
"external","validation",12,0.78,0.0857771260997067
"external","validation",12,0.79,0.080453149001536
"external","validation",12,0.8,0.0725806451612903
"external","validation",12,0.81,0.0643039049235993
"external","validation",12,0.82,0.0474910394265232
"external","validation",12,0.83,0.0381878557874762
"external","validation",12,0.84,0.0493951612903225
"external","validation",12,0.85,0.0591397849462366
"external","validation",12,0.86,0.0720046082949309
"external","validation",12,0.87,0.0766129032258065
"external","validation",12,0.88,0.0725806451612903
"external","validation",12,0.89,0.0645161290322581
"external","validation",12,0.9,0.0362903225806452
"external","validation",12,0.91,0.0241935483870968
"external","validation",12,0.92,0.00806451612903226
"external","validation",12,0.93,0.00403225806451613
"external","validation",12,0.94,0.00403225806451613
"external","validation",12,0.95,NA
"external","validation",12,0.96,NA
"external","validation",12,0.97,NA
"external","validation",12,0.98,NA
"external","validation",12,0.99,NA
"refit","training",18,0.01,0.697216791187453
"refit","training",18,0.02,0.694127166607733
"refit","training",18,0.03,0.690973838428432
"refit","training",18,0.04,0.687754815912061
"refit","training",18,0.05,0.684468024500609
"refit","training",18,0.06,0.681111301356999
"refit","training",18,0.07,0.677682390618902
"refit","training",18,0.08,0.67417893834302
"refit","training",18,0.09,0.670598487116021
"refit","training",18,0.1,0.666938470306199
"refit","training",18,0.11,0.663196205927617
"refit","training",18,0.12,0.659368890085885
"refit","training",18,0.13,0.655453589971929
"refit","training",18,0.14,0.651447236366952
"refit","training",18,0.15,0.647346615618328
"refit","training",18,0.16,0.643148361042356
"refit","training",18,0.17,0.638848943705516
"refit","training",18,0.18,0.634444662531193
"refit","training",18,0.19,0.629931633673554
"refit","training",18,0.2,0.625817114329568
"refit","training",18,0.21,0.622192974219407
"refit","training",18,0.22,0.617858021115095
"refit","training",18,0.23,0.613357304146983
"refit","training",18,0.24,0.610699188901731
"refit","training",18,0.25,0.605102429904739
"refit","training",18,0.26,0.600782576364998
"refit","training",18,0.27,0.596022461795121
"refit","training",18,0.28,0.591951110689665
"refit","training",18,0.29,0.587017784858609
"refit","training",18,0.3,0.583719172805505
"refit","training",18,0.31,0.578640545035745
"refit","training",18,0.32,0.573384800577054
"refit","training",18,0.33,0.568092626741097
"refit","training",18,0.34,0.56325428379867
"refit","training",18,0.35,0.561156529144979
"refit","training",18,0.36,0.556439699129868
"refit","training",18,0.37,0.552152587946866
"refit","training",18,0.38,0.549072727710573
"refit","training",18,0.39,0.543096897397657
"refit","training",18,0.4,0.538370787195089
"refit","training",18,0.41,0.535380743508776
"refit","training",18,0.42,0.530160489240507
"refit","training",18,0.43,0.522249855559151
"refit","training",18,0.44,0.520189310778823
"refit","training",18,0.45,0.511550978461279
"refit","training",18,0.46,0.504096307688855
"refit","training",18,0.47,0.503892169722195
"refit","training",18,0.48,0.49853432931198
"refit","training",18,0.49,0.500037418258334
"refit","training",18,0.5,0.498074063305214
"refit","training",18,0.51,0.49242063985623
"refit","training",18,0.52,0.485811224141217
"refit","training",18,0.53,0.480554225218541
"refit","training",18,0.54,0.476749680207588
"refit","training",18,0.55,0.472076265252081
"refit","training",18,0.56,0.463789387449924
"refit","training",18,0.57,0.459535697837425
"refit","training",18,0.58,0.455219783009848
"refit","training",18,0.59,0.453512082932961
"refit","training",18,0.6,0.446839913532188
"refit","training",18,0.61,0.433164062087329
"refit","training",18,0.62,0.432672798619145
"refit","training",18,0.63,0.424015253988586
"refit","training",18,0.64,0.421106406598184
"refit","training",18,0.65,0.407202633987497
"refit","training",18,0.66,0.408385378392158
"refit","training",18,0.67,0.404364841218379
"refit","training",18,0.68,0.403097251696713
"refit","training",18,0.69,0.395727351372647
"refit","training",18,0.7,0.392508035004353
"refit","training",18,0.71,0.381740575902964
"refit","training",18,0.72,0.398232448144215
"refit","training",18,0.73,0.386031525566508
"refit","training",18,0.74,0.375899493716557
"refit","training",18,0.75,0.363795752842222
"refit","training",18,0.76,0.366604029731074
"refit","training",18,0.77,0.355131055431573
"refit","training",18,0.78,0.35091292104541
"refit","training",18,0.79,0.334458482833676
"refit","training",18,0.8,0.312568684080035
"refit","training",18,0.81,0.285389612233194
"refit","training",18,0.82,0.262768413332299
"refit","training",18,0.83,0.231379856439154
"refit","training",18,0.84,0.197300018733608
"refit","training",18,0.85,0.195704320696963
"refit","training",18,0.86,0.175604838709677
"refit","training",18,0.87,0.161001297090007
"refit","training",18,0.88,0.136831494057725
"refit","training",18,0.89,0.128824613014588
"refit","training",18,0.9,0.116935483870968
"refit","training",18,0.91,0.0957661290322581
"refit","training",18,0.92,0.0745967741935484
"refit","training",18,0.93,0.0433467741935484
"refit","training",18,0.94,0.0292338709677419
"refit","training",18,0.95,0.0151209677419355
"refit","training",18,0.96,0.00806451612903226
"refit","training",18,0.97,0.00201612903225806
"refit","training",18,0.98,NA
"refit","training",18,0.99,NA
"refit","validation",18,0.01,0.697203516647961
"refit","validation",18,0.02,0.694113756613757
"refit","validation",18,0.03,0.690960290187094
"refit","validation",18,0.04,0.68774112654321
"refit","validation",18,0.05,0.684454191033139
"refit","validation",18,0.06,0.68109732072498
"refit","validation",18,0.07,0.677668259657507
"refit","validation",18,0.08,0.674164653784219
"refit","validation",18,0.09,0.670584045584046
"refit","validation",18,0.1,0.666923868312757
"refit","validation",18,0.11,0.663181439866833
"refit","validation",18,0.12,0.659353956228956
"refit","validation",18,0.13,0.655438484461473
"refit","validation",18,0.14,0.651431955211025
"refit","validation",18,0.15,0.647331154684096
"refit","validation",18,0.16,0.643132716049383
"refit","validation",18,0.17,0.638833110218653
"refit","validation",18,0.18,0.634428635953026
"refit","validation",18,0.19,0.629915409236397
"refit","validation",18,0.2,0.625289351851852
"refit","validation",18,0.21,0.620546179090483
"refit","validation",18,0.22,0.61568138651472
"refit","validation",18,0.23,0.610690235690236
"refit","validation",18,0.24,0.605567738791423
"refit","validation",18,0.25,0.600308641975309
"refit","validation",18,0.26,0.594907407407408
"refit","validation",18,0.27,0.589358193810249
"refit","validation",18,0.28,0.583654835390947
"refit","validation",18,0.29,0.577790818988002
"refit","validation",18,0.3,0.571759259259259
"refit","validation",18,0.31,0.565552871712292
"refit","validation",18,0.32,0.55916394335512
"refit","validation",18,0.33,0.552584300718629
"refit","validation",18,0.34,0.545805274971942
"refit","validation",18,0.35,0.538817663817664
"refit","validation",18,0.36,0.531611689814815
"refit","validation",18,0.37,0.528952581937207
"refit","validation",18,0.38,0.521485115776985
"refit","validation",18,0.39,0.51377281466069
"refit","validation",18,0.4,0.508512544802867
"refit","validation",18,0.41,0.500387279023146
"refit","validation",18,0.42,0.494923604843956
"refit","validation",18,0.43,0.492474465734228
"refit","validation",18,0.44,0.487035036271029
"refit","validation",18,0.45,0.48819149844831
"refit","validation",18,0.46,0.489258456819843
"refit","validation",18,0.47,0.476719415702982
"refit","validation",18,0.48,0.475396019750859
"refit","validation",18,0.49,0.474338122345712
"refit","validation",18,0.5,0.465437788018433
"refit","validation",18,0.51,0.464812033684441
"refit","validation",18,0.52,0.460791501351274
"refit","validation",18,0.53,0.45692459192504
"refit","validation",18,0.54,0.452692578882426
"refit","validation",18,0.55,0.456182795698925
"refit","validation",18,0.56,0.448707897547167
"refit","validation",18,0.57,0.431828900207508
"refit","validation",18,0.58,0.431366017063646
"refit","validation",18,0.59,0.421974798539811
"refit","validation",18,0.6,0.427316622149168
"refit","validation",18,0.61,0.418732515686492
"refit","validation",18,0.62,0.400157572932965
"refit","validation",18,0.63,0.396672381409337
"refit","validation",18,0.64,0.392025089605735
"refit","validation",18,0.65,0.398041474654378
"refit","validation",18,0.66,0.408444022770398
"refit","validation",18,0.67,0.39247311827957
"refit","validation",18,0.68,0.376512096774194
"refit","validation",18,0.69,0.410639958376691
"refit","validation",18,0.7,0.43010752688172
"refit","validation",18,0.71,0.39321468298109
"refit","validation",18,0.72,0.384792626728111
"refit","validation",18,0.73,0.360364396654719
"refit","validation",18,0.74,0.366625310173697
"refit","validation",18,0.75,0.346774193548387
"refit","validation",18,0.76,0.306451612903226
"refit","validation",18,0.77,0.279277699859747
"refit","validation",18,0.78,0.251099706744868
"refit","validation",18,0.79,0.251920122887865
"refit","validation",18,0.8,0.254032258064516
"refit","validation",18,0.81,0.221774193548387
"refit","validation",18,0.82,0.193548387096774
"refit","validation",18,0.83,0.169354838709677
"refit","validation",18,0.84,0.116935483870968
"refit","validation",18,0.85,0.100806451612903
"refit","validation",18,0.86,0.0806451612903226
"refit","validation",18,0.87,0.0604838709677419
"refit","validation",18,0.88,0.0443548387096774
"refit","validation",18,0.89,0.0282258064516129
"refit","validation",18,0.9,0.00806451612903226
"refit","validation",18,0.91,NA
"refit","validation",18,0.92,NA
"refit","validation",18,0.93,NA
"refit","validation",18,0.94,NA
"refit","validation",18,0.95,NA
"refit","validation",18,0.96,NA
"refit","validation",18,0.97,NA
"refit","validation",18,0.98,NA
"refit","validation",18,0.99,NA
"external","validation",18,0.01,0.697203516647961
"external","validation",18,0.02,0.694113756613757
"external","validation",18,0.03,0.690960290187094
"external","validation",18,0.04,0.68774112654321
"external","validation",18,0.05,0.684454191033139
"external","validation",18,0.06,0.68109732072498
"external","validation",18,0.07,0.677668259657507
"external","validation",18,0.08,0.674164653784219
"external","validation",18,0.09,0.670584045584046
"external","validation",18,0.1,0.666923868312757
"external","validation",18,0.11,0.663181439866833
"external","validation",18,0.12,0.659353956228956
"external","validation",18,0.13,0.655438484461473
"external","validation",18,0.14,0.651431955211025
"external","validation",18,0.15,0.647331154684096
"external","validation",18,0.16,0.643132716049383
"external","validation",18,0.17,0.638833110218653
"external","validation",18,0.18,0.634428635953026
"external","validation",18,0.19,0.629915409236397
"external","validation",18,0.2,0.625289351851852
"external","validation",18,0.21,0.621633652083907
"external","validation",18,0.22,0.61683449708581
"external","validation",18,0.23,0.611910688711139
"external","validation",18,0.24,0.608147025689034
"external","validation",18,0.25,0.604390681003584
"external","validation",18,0.26,0.599208079046789
"external","validation",18,0.27,0.596901158760442
"external","validation",18,0.28,0.591582581664373
"external","validation",18,0.29,0.586114185495176
"external","validation",18,0.3,0.585729794399149
"external","validation",18,0.31,0.580193386557342
"external","validation",18,0.32,0.574494143190775
"external","validation",18,0.33,0.56862477315655
"external","validation",18,0.34,0.558535920211937
"external","validation",18,0.35,0.546410499683744
"external","validation",18,0.36,0.536046954063884
"external","validation",18,0.37,0.525472369147882
"external","validation",18,0.38,0.518729207568061
"external","validation",18,0.39,0.51436520569032
"external","validation",18,0.4,0.50999037072701
"external","validation",18,0.41,0.498735647895024
"external","validation",18,0.42,0.496064221016549
"external","validation",18,0.43,0.491775862319156
"external","validation",18,0.44,0.486629644297235
"external","validation",18,0.45,0.474367329206039
"external","validation",18,0.46,0.4667241913359
"external","validation",18,0.47,0.45835272636139
"external","validation",18,0.48,0.442173563141305
"external","validation",18,0.49,0.437390189050531
"external","validation",18,0.5,0.437250815512867
"external","validation",18,0.51,0.428975486533867
"external","validation",18,0.52,0.424757760767876
"external","validation",18,0.53,0.403812549799225
"external","validation",18,0.54,0.387251464400627
"external","validation",18,0.55,0.382812665691078
"external","validation",18,0.56,0.366213454189994
"external","validation",18,0.57,0.359027645110035
"external","validation",18,0.58,0.33855951396274
"external","validation",18,0.59,0.314024390243902
"external","validation",18,0.6,0.28742266902342
"external","validation",18,0.61,0.276492232910704
"external","validation",18,0.62,0.276776360943539
"external","validation",18,0.63,0.253372106151173
"external","validation",18,0.64,0.240597986506431
"external","validation",18,0.65,0.212121212121212
"external","validation",18,0.66,0.18697137519674
"external","validation",18,0.67,0.189855106738561
"external","validation",18,0.68,0.186069754618142
"external","validation",18,0.69,0.165786468741079
"external","validation",18,0.7,0.149526487126368
"external","validation",18,0.71,0.149128116207551
"external","validation",18,0.72,0.137923008890751
"external","validation",18,0.73,0.140721149522745
"external","validation",18,0.74,0.149970765237729
"external","validation",18,0.75,0.170083560046638
"external","validation",18,0.76,0.155199401116102
"external","validation",18,0.77,0.180341280972417
"external","validation",18,0.78,0.155856477488356
"external","validation",18,0.79,0.132098159200222
"external","validation",18,0.8,0.105066950699939
"external","validation",18,0.81,0.108941709111488
"external","validation",18,0.82,0.0748207885304659
"external","validation",18,0.83,0.0481499051233396
"external","validation",18,0.84,0.095766129032258
"external","validation",18,0.85,0.0793010752688173
"external","validation",18,0.86,0.0455069124423964
"external","validation",18,0.87,0.076302729528536
"external","validation",18,0.88,0.0483870967741935
"external","validation",18,0.89,0.0311583577712609
"external","validation",18,0.9,0.112903225806452
"external","validation",18,0.91,0.0887096774193548
"external","validation",18,0.92,0.0685483870967742
"external","validation",18,0.93,0.0564516129032258
"external","validation",18,0.94,0.0362903225806452
"external","validation",18,0.95,0.00806451612903226
"external","validation",18,0.96,NA
"external","validation",18,0.97,NA
"external","validation",18,0.98,NA
"external","validation",18,0.99,NA
