"model","strategy","cohort","time_month","threshold","net_benefit"
"cox","refit","training",6,0.01,0.372025383395029
"cox","refit","training",6,0.02,0.365617479143958
"cox","refit","training",6,0.03,0.359077453155751
"cox","refit","training",6,0.04,0.352401176626124
"cox","refit","training",6,0.05,0.345584346906399
"cox","refit","training",6,0.06,0.338816565476282
"cox","refit","training",6,0.07,0.33181581685744
"cox","refit","training",6,0.08,0.325124901956223
"cox","refit","training",6,0.09,0.318419897140353
"cox","refit","training",6,0.1,0.311250771724031
"cox","refit","training",6,0.11,0.303957656298954
"cox","refit","training",6,0.12,0.297758965664712
"cox","refit","training",6,0.13,0.289631456639679
"cox","refit","training",6,0.14,0.28476635518473
"cox","refit","training",6,0.15,0.279181204551119
"cox","refit","training",6,0.16,0.273511510041683
"cox","refit","training",6,0.17,0.266514413734342
"cox","refit","training",6,0.18,0.260553160166985
"cox","refit","training",6,0.19,0.251102756566758
"cox","refit","training",6,0.2,0.248154396851459
"cox","refit","training",6,0.21,0.240314294320181
"cox","refit","training",6,0.22,0.237554797353185
"cox","refit","training",6,0.23,0.229703428292138
"cox","refit","training",6,0.24,0.222145858754117
"cox","refit","training",6,0.25,0.219586759434957
"cox","refit","training",6,0.26,0.217909946236559
"cox","refit","training",6,0.27,0.214263152615031
"cox","refit","training",6,0.28,0.211244968496881
"cox","refit","training",6,0.29,0.204989021318185
"cox","refit","training",6,0.3,0.198319810240875
"cox","refit","training",6,0.31,0.197382603501117
"cox","refit","training",6,0.32,0.194314687926723
"cox","refit","training",6,0.33,0.188874620021335
"cox","refit","training",6,0.34,0.184922473972665
"cox","refit","training",6,0.35,0.178057596869632
"cox","refit","training",6,0.36,0.163703211699426
"cox","refit","training",6,0.37,0.160893874247227
"cox","refit","training",6,0.38,0.156589724407159
"cox","refit","training",6,0.39,0.153152902307597
"cox","refit","training",6,0.4,0.145964574055972
"cox","refit","training",6,0.41,0.146419406719798
"cox","refit","training",6,0.42,0.141129032258064
"cox","refit","training",6,0.43,0.136191398762254
"cox","refit","training",6,0.44,0.134427372582614
"cox","refit","training",6,0.45,0.126765970515971
"cox","refit","training",6,0.46,0.12148767644586
"cox","refit","training",6,0.47,0.119935129329084
"cox","refit","training",6,0.48,0.115886437855977
"cox","refit","training",6,0.49,0.106350330799907
"cox","refit","training",6,0.5,0.0988606526631658
"cox","refit","training",6,0.51,0.0946735561135793
"cox","refit","training",6,0.52,0.0919675782326992
"cox","refit","training",6,0.53,0.0905103303531251
"cox","refit","training",6,0.54,0.0867998184403159
"cox","refit","training",6,0.55,0.0836213517665131
"cox","refit","training",6,0.56,0.082457938223773
"cox","refit","training",6,0.57,0.0791000306894906
"cox","refit","training",6,0.58,0.07903972520908
"cox","refit","training",6,0.59,0.0794087299470589
"cox","refit","training",6,0.6,0.0812874678846703
"cox","refit","training",6,0.61,0.0832289383025368
"cox","refit","training",6,0.62,0.0785674015194389
"cox","refit","training",6,0.63,0.0701644450052769
"cox","refit","training",6,0.64,0.0670860712863401
"cox","refit","training",6,0.65,0.059678728529535
"cox","refit","training",6,0.66,0.0640527268254972
"cox","refit","training",6,0.67,0.051749008906267
"cox","refit","training",6,0.68,0.049773185483871
"cox","refit","training",6,0.69,0.0458506763787721
"cox","refit","training",6,0.7,0.0446908602150538
"cox","refit","training",6,0.71,0.0426167964404894
"cox","refit","training",6,0.72,0.0455069124423963
"cox","refit","training",6,0.73,0.0453255675029869
"cox","refit","training",6,0.74,0.0407102977667494
"cox","refit","training",6,0.75,0.0372983870967742
"cox","refit","training",6,0.76,0.0319220430107527
"cox","refit","training",6,0.77,0.0257713884992987
"cox","refit","training",6,0.78,0.0229105571847507
"cox","refit","training",6,0.79,0.0261616743471582
"cox","refit","training",6,0.8,0.0231854838709678
"cox","refit","training",6,0.81,0.0140598471986418
"cox","refit","training",6,0.82,0.00985663082437275
"cox","refit","training",6,0.83,0.00652277039848197
"cox","refit","training",6,0.84,0.00100806451612902
"cox","refit","training",6,0.85,-0.00571236559139784
"cox","refit","training",6,0.86,-0.0126728110599078
"cox","refit","training",6,0.87,-0.0158964019851117
"cox","refit","training",6,0.88,-0.0120967741935484
"cox","refit","training",6,0.89,-0.0164039589442815
"cox","refit","training",6,0.9,-0.0100806451612903
"cox","refit","training",6,0.91,-0.014336917562724
"cox","refit","training",6,0.92,-0.00655241935483871
"cox","refit","training",6,0.93,-0.00835253456221199
"cox","refit","training",6,0.94,-0.0117607526881721
"cox","refit","training",6,0.95,-0.0151209677419355
"cox","refit","training",6,0.96,0.0030241935483871
"cox","refit","training",6,0.97,0.0030241935483871
"cox","refit","training",6,0.98,0.00100806451612903
"cox","refit","training",6,0.99,NA
"cox","refit","validation",6,0.01,0.345304900860457
"cox","refit","validation",6,0.02,0.338624338624339
"cox","refit","validation",6,0.03,0.331806032836961
"cox","refit","validation",6,0.04,0.324845679012346
"cox","refit","validation",6,0.05,0.318390962640586
"cox","refit","validation",6,0.06,0.311531189702283
"cox","refit","validation",6,0.07,0.300872172627197
"cox","refit","validation",6,0.08,0.294292165511447
"cox","refit","validation",6,0.09,0.288149627096496
"cox","refit","validation",6,0.1,0.282594086021505
"cox","refit","validation",6,0.11,0.271209481623413
"cox","refit","validation",6,0.12,0.265375321682925
"cox","refit","validation",6,0.13,0.255026934552112
"cox","refit","validation",6,0.14,0.251422648442859
"cox","refit","validation",6,0.15,0.249024878768712
"cox","refit","validation",6,0.16,0.243364788829631
"cox","refit","validation",6,0.17,0.23537980001303
"cox","refit","validation",6,0.18,0.225904799370574
"cox","refit","validation",6,0.19,0.220335402278754
"cox","refit","validation",6,0.2,0.217332409274194
"cox","refit","validation",6,0.21,0.210609333631897
"cox","refit","validation",6,0.22,0.194995864350703
"cox","refit","validation",6,0.23,0.19053374698536
"cox","refit","validation",6,0.24,0.179162624302692
"cox","refit","validation",6,0.25,0.177893738140417
"cox","refit","validation",6,0.26,0.169899738448125
"cox","refit","validation",6,0.27,0.161456031816173
"cox","refit","validation",6,0.28,0.155913978494624
"cox","refit","validation",6,0.29,0.147376192639709
"cox","refit","validation",6,0.3,0.14573732718894
"cox","refit","validation",6,0.31,0.156030855539972
"cox","refit","validation",6,0.32,0.143975332068311
"cox","refit","validation",6,0.33,0.136735676456427
"cox","refit","validation",6,0.34,0.131964809384164
"cox","refit","validation",6,0.35,0.13151364764268
"cox","refit","validation",6,0.36,0.127772177419355
"cox","refit","validation",6,0.37,0.135112647209421
"cox","refit","validation",6,0.38,0.134365244536941
"cox","refit","validation",6,0.39,0.134122157588577
"cox","refit","validation",6,0.4,0.129032258064516
"cox","refit","validation",6,0.41,0.125273373428103
"cox","refit","validation",6,0.42,0.131952169076752
"cox","refit","validation",6,0.43,0.134620826259196
"cox","refit","validation",6,0.44,0.129608294930876
"cox","refit","validation",6,0.45,0.126466275659824
"cox","refit","validation",6,0.46,0.125448028673835
"cox","refit","validation",6,0.47,0.118000608642727
"cox","refit","validation",6,0.48,0.107009925558313
"cox","refit","validation",6,0.49,0.0917141049968375
"cox","refit","validation",6,0.5,0.0887096774193549
"cox","refit","validation",6,0.51,0.0860763660302831
"cox","refit","validation",6,0.52,0.0836693548387097
"cox","refit","validation",6,0.53,0.0734385724090597
"cox","refit","validation",6,0.54,0.0715287517531557
"cox","refit","validation",6,0.55,0.0568996415770609
"cox","refit","validation",6,0.56,0.0542521994134897
"cox","refit","validation",6,0.57,0.0514816204051012
"cox","refit","validation",6,0.58,0.0501152073732719
"cox","refit","validation",6,0.59,0.0468135326514555
"cox","refit","validation",6,0.6,0.0403225806451613
"cox","refit","validation",6,0.61,0.0463192721257237
"cox","refit","validation",6,0.62,0.0532682512733447
"cox","refit","validation",6,0.63,0.0475152571926766
"cox","refit","validation",6,0.64,0.0376344086021506
"cox","refit","validation",6,0.65,0.0432027649769585
"cox","refit","validation",6,0.66,0.0415085388994307
"cox","refit","validation",6,0.67,0.0438660801564027
"cox","refit","validation",6,0.68,0.0594758064516129
"cox","refit","validation",6,0.69,0.054630593132154
"cox","refit","validation",6,0.7,0.0537634408602151
"cox","refit","validation",6,0.71,0.0488042269187987
"cox","refit","validation",6,0.72,0.054147465437788
"cox","refit","validation",6,0.73,0.0495818399044206
"cox","refit","validation",6,0.74,0.0449751861042184
"cox","refit","validation",6,0.75,0.0403225806451613
"cox","refit","validation",6,0.76,0.0443548387096774
"cox","refit","validation",6,0.77,0.0443548387096774
"cox","refit","validation",6,0.78,0.0403225806451613
"cox","refit","validation",6,0.79,0.0403225806451613
"cox","refit","validation",6,0.8,0.0362903225806452
"cox","refit","validation",6,0.81,0.0362903225806452
"cox","refit","validation",6,0.82,0.032258064516129
"cox","refit","validation",6,0.83,0.032258064516129
"cox","refit","validation",6,0.84,0.032258064516129
"cox","refit","validation",6,0.85,0.032258064516129
"cox","refit","validation",6,0.86,0.0282258064516129
"cox","refit","validation",6,0.87,0.0241935483870968
"cox","refit","validation",6,0.88,0.0201612903225806
"cox","refit","validation",6,0.89,0.0120967741935484
"cox","refit","validation",6,0.9,0.0120967741935484
"cox","refit","validation",6,0.91,0.00403225806451613
"cox","refit","validation",6,0.92,0.00403225806451613
"cox","refit","validation",6,0.93,0.00403225806451613
"cox","refit","validation",6,0.94,NA
"cox","refit","validation",6,0.95,NA
"cox","refit","validation",6,0.96,NA
"cox","refit","validation",6,0.97,NA
"cox","refit","validation",6,0.98,NA
"cox","refit","validation",6,0.99,NA
"cox","external","validation",6,0.01,0.345304900860457
"cox","external","validation",6,0.02,0.338624338624339
"cox","external","validation",6,0.03,0.331806032836961
"cox","external","validation",6,0.04,0.324845679012346
"cox","external","validation",6,0.05,0.317738791423002
"cox","external","validation",6,0.06,0.310480693459417
"cox","external","validation",6,0.07,0.303066507367583
"cox","external","validation",6,0.08,0.296559041015612
"cox","external","validation",6,0.09,0.288961852171757
"cox","external","validation",6,0.1,0.281649421789409
"cox","external","validation",6,0.11,0.274263332926794
"cox","external","validation",6,0.12,0.262752739620312
"cox","external","validation",6,0.13,0.253596634465224
"cox","external","validation",6,0.14,0.249503524358247
"cox","external","validation",6,0.15,0.230879649202151
"cox","external","validation",6,0.16,0.229075850043592
"cox","external","validation",6,0.17,0.218957538769043
"cox","external","validation",6,0.18,0.213832200044833
"cox","external","validation",6,0.19,0.205781343696929
"cox","external","validation",6,0.2,0.20412106374808
"cox","external","validation",6,0.21,0.190871771561233
"cox","external","validation",6,0.22,0.180531500324746
"cox","external","validation",6,0.23,0.174717501330404
"cox","external","validation",6,0.24,0.16333592718355
"cox","external","validation",6,0.25,0.165705203673181
"cox","external","validation",6,0.26,0.159128750385117
"cox","external","validation",6,0.27,0.151764233458887
"cox","external","validation",6,0.28,0.145877401727481
"cox","external","validation",6,0.29,0.142901551926158
"cox","external","validation",6,0.3,0.139681012979326
"cox","external","validation",6,0.31,0.142451710107897
"cox","external","validation",6,0.32,0.140544611592559
"cox","external","validation",6,0.33,0.133067132779301
"cox","external","validation",6,0.34,0.125841750841751
"cox","external","validation",6,0.35,0.121851148035305
"cox","external","validation",6,0.36,0.128647422624237
"cox","external","validation",6,0.37,0.127423012215639
"cox","external","validation",6,0.38,0.118676906829018
"cox","external","validation",6,0.39,0.119920270105357
"cox","external","validation",6,0.4,0.113299841353781
"cox","external","validation",6,0.41,0.111095661846496
"cox","external","validation",6,0.42,0.106324278438031
"cox","external","validation",6,0.43,0.105702764976959
"cox","external","validation",6,0.44,0.0978739002932552
"cox","external","validation",6,0.45,0.0925263067103675
"cox","external","validation",6,0.46,0.0887887413029728
"cox","external","validation",6,0.47,0.0808734023128423
"cox","external","validation",6,0.48,0.0766129032258064
"cox","external","validation",6,0.49,0.0644370651486401
"cox","external","validation",6,0.5,0.0645161290322581
"cox","external","validation",6,0.51,0.0649275839368006
"cox","external","validation",6,0.52,0.0658602150537635
"cox","external","validation",6,0.53,0.0622855181880577
"cox","external","validation",6,0.54,0.063288920056101
"cox","external","validation",6,0.55,0.0564516129032258
"cox","external","validation",6,0.56,0.0538856304985337
"cox","external","validation",6,0.57,0.0556076519129782
"cox","external","validation",6,0.58,0.0687403993855607
"cox","external","validation",6,0.59,0.0790715971675846
"cox","external","validation",6,0.6,0.0766129032258065
"cox","external","validation",6,0.61,0.0699958643507031
"cox","external","validation",6,0.62,0.0698217317487267
"cox","external","validation",6,0.63,0.0797733217088056
"cox","external","validation",6,0.64,0.0851254480286739
"cox","external","validation",6,0.65,0.0754608294930876
"cox","external","validation",6,0.66,0.0815939278937381
"cox","external","validation",6,0.67,0.0680596285434995
"cox","external","validation",6,0.68,0.0625
"cox","external","validation",6,0.69,0.0568418314255983
"cox","external","validation",6,0.7,0.0604838709677419
"cox","external","validation",6,0.71,0.0550611790878754
"cox","external","validation",6,0.72,0.0535714285714286
"cox","external","validation",6,0.73,0.0479390681003584
"cox","external","validation",6,0.74,0.0536600496277916
"cox","external","validation",6,0.75,0.0524193548387097
"cox","external","validation",6,0.76,0.0510752688172043
"cox","external","validation",6,0.77,0.0550490883590463
"cox","external","validation",6,0.78,0.0542521994134897
"cox","external","validation",6,0.79,0.0533794162826421
"cox","external","validation",6,0.8,0.0483870967741935
"cox","external","validation",6,0.81,0.0564516129032258
"cox","external","validation",6,0.82,0.0564516129032258
"cox","external","validation",6,0.83,0.0443548387096774
"cox","external","validation",6,0.84,0.0362903225806452
"cox","external","validation",6,0.85,0.032258064516129
"cox","external","validation",6,0.86,0.0241935483870968
"cox","external","validation",6,0.87,0.0201612903225806
"cox","external","validation",6,0.88,0.0161290322580645
"cox","external","validation",6,0.89,0.0161290322580645
"cox","external","validation",6,0.9,0.0120967741935484
"cox","external","validation",6,0.91,0.00806451612903226
"cox","external","validation",6,0.92,0.00806451612903226
"cox","external","validation",6,0.93,0.00806451612903226
"cox","external","validation",6,0.94,0.00403225806451613
"cox","external","validation",6,0.95,NA
"cox","external","validation",6,0.96,NA
"cox","external","validation",6,0.97,NA
"cox","external","validation",6,0.98,NA
"cox","external","validation",6,0.99,NA
"cox","refit","training",12,0.01,0.59560479907748
"cox","refit","training",12,0.02,0.591478317435413
"cox","refit","training",12,0.03,0.587266753697634
"cox","refit","training",12,0.04,0.582967449048651
"cox","refit","training",12,0.05,0.578577632722847
"cox","refit","training",12,0.06,0.574094416049686
"cox","refit","training",12,0.07,0.569514786114737
"cox","refit","training",12,0.08,0.564835599007288
"cox","refit","training",12,0.09,0.560053572622753
"cox","refit","training",12,0.1,0.555165278985228
"cox","refit","training",12,0.11,0.550167136052478
"cox","refit","training",12,0.12,0.545194208580513
"cox","refit","training",12,0.13,0.540282138654953
"cox","refit","training",12,0.14,0.535137240192401
"cox","refit","training",12,0.15,0.529715704877777
"cox","refit","training",12,0.16,0.524938866075381
"cox","refit","training",12,0.17,0.51913397392542
"cox","refit","training",12,0.18,0.513875127637846
"cox","refit","training",12,0.19,0.508298246107442
"cox","refit","training",12,0.2,0.502860714825892
"cox","refit","training",12,0.21,0.497067038850026
"cox","refit","training",12,0.22,0.490276006706958
"cox","refit","training",12,0.23,0.482178097581129
"cox","refit","training",12,0.24,0.477402505775967
"cox","refit","training",12,0.25,0.471287532499962
"cox","refit","training",12,0.26,0.466211565698843
"cox","refit","training",12,0.27,0.463350771081054
"cox","refit","training",12,0.28,0.458104546383694
"cox","refit","training",12,0.29,0.453142005972027
"cox","refit","training",12,0.3,0.446620296572843
"cox","refit","training",12,0.31,0.439658094867446
"cox","refit","training",12,0.32,0.437377276773532
"cox","refit","training",12,0.33,0.434107164336855
"cox","refit","training",12,0.34,0.425068857617519
"cox","refit","training",12,0.35,0.422838382051133
"cox","refit","training",12,0.36,0.417161349175991
"cox","refit","training",12,0.37,0.408409156755187
"cox","refit","training",12,0.38,0.401172065995512
"cox","refit","training",12,0.39,0.399894189466088
"cox","refit","training",12,0.4,0.389175759569288
"cox","refit","training",12,0.41,0.385031154034069
"cox","refit","training",12,0.42,0.371285958344492
"cox","refit","training",12,0.43,0.359519791520175
"cox","refit","training",12,0.44,0.352487601040879
"cox","refit","training",12,0.45,0.345607748173859
"cox","refit","training",12,0.46,0.33944366814075
"cox","refit","training",12,0.47,0.335679920172573
"cox","refit","training",12,0.48,0.337222343167595
"cox","refit","training",12,0.49,0.333462830775329
"cox","refit","training",12,0.5,0.331039791197799
"cox","refit","training",12,0.51,0.32991426186934
"cox","refit","training",12,0.52,0.32020973112771
"cox","refit","training",12,0.53,0.309241360294911
"cox","refit","training",12,0.54,0.299644938846914
"cox","refit","training",12,0.55,0.294510857524904
"cox","refit","training",12,0.56,0.291536787749049
"cox","refit","training",12,0.57,0.279162161863995
"cox","refit","training",12,0.58,0.274426906387702
"cox","refit","training",12,0.59,0.268178734319274
"cox","refit","training",12,0.6,0.261476841469726
"cox","refit","training",12,0.61,0.249728274017294
"cox","refit","training",12,0.62,0.236559908712876
"cox","refit","training",12,0.63,0.237162359113875
"cox","refit","training",12,0.64,0.229868509749762
"cox","refit","training",12,0.65,0.219526832051636
"cox","refit","training",12,0.66,0.21411282621553
"cox","refit","training",12,0.67,0.211096382528445
"cox","refit","training",12,0.68,0.206889377610815
"cox","refit","training",12,0.69,0.20099750221026
"cox","refit","training",12,0.7,0.187163978494624
"cox","refit","training",12,0.71,0.179232664392944
"cox","refit","training",12,0.72,0.1786116028164
"cox","refit","training",12,0.73,0.167080386838451
"cox","refit","training",12,0.74,0.159565624522244
"cox","refit","training",12,0.75,0.148435004790802
"cox","refit","training",12,0.76,0.147963815233913
"cox","refit","training",12,0.77,0.131150089498113
"cox","refit","training",12,0.78,0.122826161085726
"cox","refit","training",12,0.79,0.112750676165974
"cox","refit","training",12,0.8,0.107044669040637
"cox","refit","training",12,0.81,0.0932721348301629
"cox","refit","training",12,0.82,0.0833881453519408
"cox","refit","training",12,0.83,0.0862589855815177
"cox","refit","training",12,0.84,0.0733424211876832
"cox","refit","training",12,0.85,0.061097243556921
"cox","refit","training",12,0.86,0.0620207969172096
"cox","refit","training",12,0.87,0.0764160622256156
"cox","refit","training",12,0.88,0.0699671445639188
"cox","refit","training",12,0.89,0.0668172553253199
"cox","refit","training",12,0.9,0.0483150921658986
"cox","refit","training",12,0.91,0.0434898944643568
"cox","refit","training",12,0.92,0.0604838709677419
"cox","refit","training",12,0.93,0.0421947004608294
"cox","refit","training",12,0.94,0.0490591397849462
"cox","refit","training",12,0.95,0.03125
"cox","refit","training",12,0.96,0.0302419354838709
"cox","refit","training",12,0.97,0.0403225806451613
"cox","refit","training",12,0.98,0.0272177419354839
"cox","refit","training",12,0.99,0.0131048387096774
"cox","refit","validation",12,0.01,0.558080808080808
"cox","refit","validation",12,0.02,0.553571428571429
"cox","refit","validation",12,0.03,0.548969072164949
"cox","refit","validation",12,0.04,0.544270833333333
"cox","refit","validation",12,0.05,0.539473684210526
"cox","refit","validation",12,0.06,0.534574468085106
"cox","refit","validation",12,0.07,0.529569892473118
"cox","refit","validation",12,0.08,0.52445652173913
"cox","refit","validation",12,0.09,0.519639868758399
"cox","refit","validation",12,0.1,0.515264526225453
"cox","refit","validation",12,0.11,0.50995397903915
"cox","refit","validation",12,0.12,0.505083550047031
"cox","refit","validation",12,0.13,0.499580246395366
"cox","refit","validation",12,0.14,0.490573536241203
"cox","refit","validation",12,0.15,0.485588053711993
"cox","refit","validation",12,0.16,0.480579987888456
"cox","refit","validation",12,0.17,0.475548524157406
"cox","refit","validation",12,0.18,0.467346616065781
"cox","refit","validation",12,0.19,0.462326600396678
"cox","refit","validation",12,0.2,0.454259072580645
"cox","refit","validation",12,0.21,0.44412317816112
"cox","refit","validation",12,0.22,0.437875377715709
"cox","refit","validation",12,0.23,0.433901962619009
"cox","refit","validation",12,0.24,0.428749003846021
"cox","refit","validation",12,0.25,0.41952111739275
"cox","refit","validation",12,0.26,0.412875587592914
"cox","refit","validation",12,0.27,0.412075261064725
"cox","refit","validation",12,0.28,0.410118739577943
"cox","refit","validation",12,0.29,0.408449469608676
"cox","refit","validation",12,0.3,0.408826164874552
"cox","refit","validation",12,0.31,0.404192490617189
"cox","refit","validation",12,0.32,0.391448432378817
"cox","refit","validation",12,0.33,0.382731780474712
"cox","refit","validation",12,0.34,0.369948065830918
"cox","refit","validation",12,0.35,0.365238651291782
"cox","refit","validation",12,0.36,0.360508326970796
"cox","refit","validation",12,0.37,0.354848076130531
"cox","refit","validation",12,0.38,0.352879587877854
"cox","refit","validation",12,0.39,0.351112176097303
"cox","refit","validation",12,0.4,0.341458161014612
"cox","refit","validation",12,0.41,0.332024617996604
"cox","refit","validation",12,0.42,0.31989247311828
"cox","refit","validation",12,0.43,0.31891356551798
"cox","refit","validation",12,0.44,0.323738803790485
"cox","refit","validation",12,0.45,0.3048806032677
"cox","refit","validation",12,0.46,0.311786228828449
"cox","refit","validation",12,0.47,0.301063997655598
"cox","refit","validation",12,0.48,0.299627791563275
"cox","refit","validation",12,0.49,0.288899430740038
"cox","refit","validation",12,0.5,0.286290322580645
"cox","refit","validation",12,0.51,0.2800362080316
"cox","refit","validation",12,0.52,0.273857526881721
"cox","refit","validation",12,0.53,0.26372683596431
"cox","refit","validation",12,0.54,0.266479663394109
"cox","refit","validation",12,0.55,0.272401433691756
"cox","refit","validation",12,0.56,0.268695014662757
"cox","refit","validation",12,0.57,0.272224306076519
"cox","refit","validation",12,0.58,0.246927803379416
"cox","refit","validation",12,0.59,0.243312352478364
"cox","refit","validation",12,0.6,0.237903225806452
"cox","refit","validation",12,0.61,0.23904052936311
"cox","refit","validation",12,0.62,0.24151103565365
"cox","refit","validation",12,0.63,0.242589363557105
"cox","refit","validation",12,0.64,0.237455197132616
"cox","refit","validation",12,0.65,0.232718894009217
"cox","refit","validation",12,0.66,0.240275142314991
"cox","refit","validation",12,0.67,0.2408357771261
"cox","refit","validation",12,0.68,0.237399193548387
"cox","refit","validation",12,0.69,0.234651404786681
"cox","refit","validation",12,0.7,0.21505376344086
"cox","refit","validation",12,0.71,0.199249165739711
"cox","refit","validation",12,0.72,0.18721198156682
"cox","refit","validation",12,0.73,0.178912783751493
"cox","refit","validation",12,0.74,0.15818858560794
"cox","refit","validation",12,0.75,0.157258064516129
"cox","refit","validation",12,0.76,0.144489247311828
"cox","refit","validation",12,0.77,0.136746143057503
"cox","refit","validation",12,0.78,0.131964809384164
"cox","refit","validation",12,0.79,0.12173579109063
"cox","refit","validation",12,0.8,0.104838709677419
"cox","refit","validation",12,0.81,0.0834040747028862
"cox","refit","validation",12,0.82,0.0613799283154122
"cox","refit","validation",12,0.83,0.0547912713472485
"cox","refit","validation",12,0.84,0.0473790322580645
"cox","refit","validation",12,0.85,0.0268817204301075
"cox","refit","validation",12,0.86,0.0299539170506912
"cox","refit","validation",12,0.87,0.00496277915632755
"cox","refit","validation",12,0.88,0.0456989247311828
"cox","refit","validation",12,0.89,0.0355571847507331
"cox","refit","validation",12,0.9,0.0201612903225807
"cox","refit","validation",12,0.91,0.0479390681003584
"cox","refit","validation",12,0.92,0.0846774193548387
"cox","refit","validation",12,0.93,0.0806451612903226
"cox","refit","validation",12,0.94,0.0645161290322581
"cox","refit","validation",12,0.95,0.0604838709677419
"cox","refit","validation",12,0.96,0.0443548387096774
"cox","refit","validation",12,0.97,0.0362903225806452
"cox","refit","validation",12,0.98,0.032258064516129
"cox","refit","validation",12,0.99,0.0201612903225806
"cox","external","validation",12,0.01,0.558080808080808
"cox","external","validation",12,0.02,0.553571428571429
"cox","external","validation",12,0.03,0.548969072164949
"cox","external","validation",12,0.04,0.544270833333333
"cox","external","validation",12,0.05,0.539473684210526
"cox","external","validation",12,0.06,0.534574468085106
"cox","external","validation",12,0.07,0.529569892473118
"cox","external","validation",12,0.08,0.52445652173913
"cox","external","validation",12,0.09,0.519230769230769
"cox","external","validation",12,0.1,0.513888888888889
"cox","external","validation",12,0.11,0.508426966292135
"cox","external","validation",12,0.12,0.502840909090909
"cox","external","validation",12,0.13,0.497126436781609
"cox","external","validation",12,0.14,0.491279069767442
"cox","external","validation",12,0.15,0.485294117647059
"cox","external","validation",12,0.16,0.479945879326975
"cox","external","validation",12,0.17,0.475403431080068
"cox","external","validation",12,0.18,0.469153433583404
"cox","external","validation",12,0.19,0.462749115160898
"cox","external","validation",12,0.2,0.456184688777828
"cox","external","validation",12,0.21,0.450538148031156
"cox","external","validation",12,0.22,0.444850332615965
"cox","external","validation",12,0.23,0.437902431615167
"cox","external","validation",12,0.24,0.422682390882283
"cox","external","validation",12,0.25,0.41134303183639
"cox","external","validation",12,0.26,0.405472511284525
"cox","external","validation",12,0.27,0.405574748813812
"cox","external","validation",12,0.28,0.393415127286095
"cox","external","validation",12,0.29,0.387783551993705
"cox","external","validation",12,0.3,0.378060195852535
"cox","external","validation",12,0.31,0.37233538694257
"cox","external","validation",12,0.32,0.370172829375865
"cox","external","validation",12,0.33,0.360655079967692
"cox","external","validation",12,0.34,0.355285145562673
"cox","external","validation",12,0.35,0.347723775593662
"cox","external","validation",12,0.36,0.338165778203025
"cox","external","validation",12,0.37,0.340505557061534
"cox","external","validation",12,0.38,0.328876478520279
"cox","external","validation",12,0.39,0.306000319903898
"cox","external","validation",12,0.4,0.306265638736728
"cox","external","validation",12,0.41,0.303285037361035
"cox","external","validation",12,0.42,0.287846861912192
"cox","external","validation",12,0.43,0.276181954450206
"cox","external","validation",12,0.44,0.270658418029165
"cox","external","validation",12,0.45,0.262025496904529
"cox","external","validation",12,0.46,0.255664128927609
"cox","external","validation",12,0.47,0.251467903046794
"cox","external","validation",12,0.48,0.239155581260844
"cox","external","validation",12,0.49,0.226688508064516
"cox","external","validation",12,0.5,0.222645161290323
"cox","external","validation",12,0.51,0.210636581443788
"cox","external","validation",12,0.52,0.212248714352501
"cox","external","validation",12,0.53,0.196908215696822
"cox","external","validation",12,0.54,0.198571419380573
"cox","external","validation",12,0.55,0.207498770117366
"cox","external","validation",12,0.56,0.201429618768328
"cox","external","validation",12,0.57,0.203590126254968
"cox","external","validation",12,0.58,0.19275556216243
"cox","external","validation",12,0.59,0.183396712999388
"cox","external","validation",12,0.6,0.194630212431157
"cox","external","validation",12,0.61,0.195381231671554
"cox","external","validation",12,0.62,0.188133804432616
"cox","external","validation",12,0.63,0.192202254503481
"cox","external","validation",12,0.64,0.177755376344086
"cox","external","validation",12,0.65,0.183441558441558
"cox","external","validation",12,0.66,0.170133123814042
"cox","external","validation",12,0.67,0.152420556704005
"cox","external","validation",12,0.68,0.134341977196885
"cox","external","validation",12,0.69,0.133251638461398
"cox","external","validation",12,0.7,0.122983870967742
"cox","external","validation",12,0.71,0.116379310344827
"cox","external","validation",12,0.72,0.105205278592375
"cox","external","validation",12,0.73,0.0964023004661842
"cox","external","validation",12,0.74,0.0887887413029729
"cox","external","validation",12,0.75,0.0766129032258065
"cox","external","validation",12,0.76,0.0766129032258065
"cox","external","validation",12,0.77,0.0652173913043478
"cox","external","validation",12,0.78,0.0483870967741936
"cox","external","validation",12,0.79,0.0347542242703533
"cox","external","validation",12,0.8,0.0322580645161291
"cox","external","validation",12,0.81,0.0388370118845501
"cox","external","validation",12,0.82,0.0161290322580645
"cox","external","validation",12,0.83,0.0199240986717266
"cox","external","validation",12,0.84,0.0292338709677418
"cox","external","validation",12,0.85,0.0551075268817204
"cox","external","validation",12,0.86,0.0622119815668202
"cox","external","validation",12,0.87,0.049317617866005
"cox","external","validation",12,0.88,0.0860215053763441
"cox","external","validation",12,0.89,0.0718475073313783
"cox","external","validation",12,0.9,0.0483870967741935
"cox","external","validation",12,0.91,0.0273297491039426
"cox","external","validation",12,0.92,0.00806451612903222
"cox","external","validation",12,0.93,0.0432027649769584
"cox","external","validation",12,0.94,0.0255376344086021
"cox","external","validation",12,0.95,0.0846774193548387
"cox","external","validation",12,0.96,0.0725806451612903
"cox","external","validation",12,0.97,0.0685483870967742
"cox","external","validation",12,0.98,0.0443548387096774
"cox","external","validation",12,0.99,0.0161290322580645
"cox","refit","training",18,0.01,0.697216791187453
"cox","refit","training",18,0.02,0.694127166607733
"cox","refit","training",18,0.03,0.690973838428432
"cox","refit","training",18,0.04,0.687754815912061
"cox","refit","training",18,0.05,0.684468024500609
"cox","refit","training",18,0.06,0.681111301356999
"cox","refit","training",18,0.07,0.677682390618902
"cox","refit","training",18,0.08,0.67417893834302
"cox","refit","training",18,0.09,0.670598487116021
"cox","refit","training",18,0.1,0.666938470306199
"cox","refit","training",18,0.11,0.663196205927617
"cox","refit","training",18,0.12,0.659368890085885
"cox","refit","training",18,0.13,0.655453589971929
"cox","refit","training",18,0.14,0.651447236366952
"cox","refit","training",18,0.15,0.647346615618328
"cox","refit","training",18,0.16,0.643343844170298
"cox","refit","training",18,0.17,0.639268924810465
"cox","refit","training",18,0.18,0.63511921806953
"cox","refit","training",18,0.19,0.630891954134838
"cox","refit","training",18,0.2,0.62632850678733
"cox","refit","training",18,0.21,0.621649529127227
"cox","refit","training",18,0.22,0.618579539533646
"cox","refit","training",18,0.23,0.613357304146983
"cox","refit","training",18,0.24,0.609087066528872
"cox","refit","training",18,0.25,0.60441663786787
"cox","refit","training",18,0.26,0.599288876653355
"cox","refit","training",18,0.27,0.594774815630015
"cox","refit","training",18,0.28,0.589795062147068
"cox","refit","training",18,0.29,0.583928432613043
"cox","refit","training",18,0.3,0.575752642548617
"cox","refit","training",18,0.31,0.570390478235565
"cox","refit","training",18,0.32,0.564504220428354
"cox","refit","training",18,0.33,0.559028116431295
"cox","refit","training",18,0.34,0.554052178642324
"cox","refit","training",18,0.35,0.550168695506555
"cox","refit","training",18,0.36,0.548094822064605
"cox","refit","training",18,0.37,0.542277564182689
"cox","refit","training",18,0.38,0.537486797602227
"cox","refit","training",18,0.39,0.530602754487552
"cox","refit","training",18,0.4,0.523877874880151
"cox","refit","training",18,0.41,0.519197635001315
"cox","refit","training",18,0.42,0.514159483738711
"cox","refit","training",18,0.43,0.50586956157808
"cox","refit","training",18,0.44,0.500859569583907
"cox","refit","training",18,0.45,0.495222686863823
"cox","refit","training",18,0.46,0.494529771291439
"cox","refit","training",18,0.47,0.490333049632834
"cox","refit","training",18,0.48,0.47937922512108
"cox","refit","training",18,0.49,0.47446909078439
"cox","refit","training",18,0.5,0.469743173099125
"cox","refit","training",18,0.51,0.461122594846189
"cox","refit","training",18,0.52,0.456806986095728
"cox","refit","training",18,0.53,0.44869401901769
"cox","refit","training",18,0.54,0.435406075804945
"cox","refit","training",18,0.55,0.427954584662618
"cox","refit","training",18,0.56,0.416716998888229
"cox","refit","training",18,0.57,0.408843999336892
"cox","refit","training",18,0.58,0.396992508084185
"cox","refit","training",18,0.59,0.387278329172941
"cox","refit","training",18,0.6,0.388421446545366
"cox","refit","training",18,0.61,0.383952662367657
"cox","refit","training",18,0.62,0.382367955244097
"cox","refit","training",18,0.63,0.37730407176881
"cox","refit","training",18,0.64,0.376625910509886
"cox","refit","training",18,0.65,0.362991277504235
"cox","refit","training",18,0.66,0.35051915115821
"cox","refit","training",18,0.67,0.334855455357084
"cox","refit","training",18,0.68,0.336058339948522
"cox","refit","training",18,0.69,0.318740506177712
"cox","refit","training",18,0.7,0.310826020524888
"cox","refit","training",18,0.71,0.303817763710856
"cox","refit","training",18,0.72,0.290007722447964
"cox","refit","training",18,0.73,0.276257242682422
"cox","refit","training",18,0.74,0.254855742277173
"cox","refit","training",18,0.75,0.248896046420141
"cox","refit","training",18,0.76,0.247200557677797
"cox","refit","training",18,0.77,0.240814849851216
"cox","refit","training",18,0.78,0.236848462573175
"cox","refit","training",18,0.79,0.216434115371647
"cox","refit","training",18,0.8,0.216122481658321
"cox","refit","training",18,0.81,0.201556202128073
"cox","refit","training",18,0.82,0.182713407943823
"cox","refit","training",18,0.83,0.186369084729704
"cox","refit","training",18,0.84,0.170009382907691
"cox","refit","training",18,0.85,0.165962521825892
"cox","refit","training",18,0.86,0.14635413519556
"cox","refit","training",18,0.87,0.14862345117213
"cox","refit","training",18,0.88,0.122249673690099
"cox","refit","training",18,0.89,0.100456749365813
"cox","refit","training",18,0.9,0.0786357081820122
"cox","refit","training",18,0.91,0.0618437326467768
"cox","refit","training",18,0.92,0.0573476702508959
"cox","refit","training",18,0.93,0.0369052190768781
"cox","refit","training",18,0.94,0.0268757200460829
"cox","refit","training",18,0.95,0.0197292626728109
"cox","refit","training",18,0.96,0.0167132514662756
"cox","refit","training",18,0.97,0.0477150537634407
"cox","refit","training",18,0.98,0.0383064516129033
"cox","refit","training",18,0.99,0.0514112903225806
"cox","refit","validation",18,0.01,0.697203516647961
"cox","refit","validation",18,0.02,0.694113756613757
"cox","refit","validation",18,0.03,0.690960290187094
"cox","refit","validation",18,0.04,0.68774112654321
"cox","refit","validation",18,0.05,0.684454191033139
"cox","refit","validation",18,0.06,0.68109732072498
"cox","refit","validation",18,0.07,0.677668259657507
"cox","refit","validation",18,0.08,0.674164653784219
"cox","refit","validation",18,0.09,0.670584045584046
"cox","refit","validation",18,0.1,0.666923868312757
"cox","refit","validation",18,0.11,0.663181439866833
"cox","refit","validation",18,0.12,0.659353956228956
"cox","refit","validation",18,0.13,0.655438484461473
"cox","refit","validation",18,0.14,0.652102705909035
"cox","refit","validation",18,0.15,0.649509803921569
"cox","refit","validation",18,0.16,0.645481310803891
"cox","refit","validation",18,0.17,0.641355745562897
"cox","refit","validation",18,0.18,0.638030150082389
"cox","refit","validation",18,0.19,0.633760510358197
"cox","refit","validation",18,0.2,0.629384129640901
"cox","refit","validation",18,0.21,0.621944817126524
"cox","refit","validation",18,0.22,0.618562040675793
"cox","refit","validation",18,0.23,0.613974869859266
"cox","refit","validation",18,0.24,0.610557537220844
"cox","refit","validation",18,0.25,0.601754454314062
"cox","refit","validation",18,0.26,0.596863167515342
"cox","refit","validation",18,0.27,0.590816242537669
"cox","refit","validation",18,0.28,0.585805177805889
"cox","refit","validation",18,0.29,0.582318997410492
"cox","refit","validation",18,0.3,0.576555299539171
"cox","refit","validation",18,0.31,0.571353436185133
"cox","refit","validation",18,0.32,0.561957081422292
"cox","refit","validation",18,0.33,0.556442237668845
"cox","refit","validation",18,0.34,0.5549574259047
"cox","refit","validation",18,0.35,0.549289277122092
"cox","refit","validation",18,0.36,0.545734498436471
"cox","refit","validation",18,0.37,0.531719638304274
"cox","refit","validation",18,0.38,0.525597530493365
"cox","refit","validation",18,0.39,0.520436083293418
"cox","refit","validation",18,0.4,0.515507035003432
"cox","refit","validation",18,0.41,0.512036836703964
"cox","refit","validation",18,0.42,0.511533084808947
"cox","refit","validation",18,0.43,0.503209938498001
"cox","refit","validation",18,0.44,0.496012795098216
"cox","refit","validation",18,0.45,0.489562001343403
"cox","refit","validation",18,0.46,0.478250244379277
"cox","refit","validation",18,0.47,0.471012515653312
"cox","refit","validation",18,0.48,0.460052137867726
"cox","refit","validation",18,0.49,0.452727657748631
"cox","refit","validation",18,0.5,0.449478178368122
"cox","refit","validation",18,0.51,0.446261067893468
"cox","refit","validation",18,0.52,0.422864624311566
"cox","refit","validation",18,0.53,0.419718010366709
"cox","refit","validation",18,0.54,0.417338709677419
"cox","refit","validation",18,0.55,0.414468790153513
"cox","refit","validation",18,0.56,0.408736164979661
"cox","refit","validation",18,0.57,0.388658842342164
"cox","refit","validation",18,0.58,0.377880184331797
"cox","refit","validation",18,0.59,0.371198992068386
"cox","refit","validation",18,0.6,0.37679211469534
"cox","refit","validation",18,0.61,0.366730167948425
"cox","refit","validation",18,0.62,0.352744149996309
"cox","refit","validation",18,0.63,0.357935022308836
"cox","refit","validation",18,0.64,0.352581848820414
"cox","refit","validation",18,0.65,0.345046082949309
"cox","refit","validation",18,0.66,0.336337760910816
"cox","refit","validation",18,0.67,0.331989247311828
"cox","refit","validation",18,0.68,0.328125
"cox","refit","validation",18,0.69,0.324531737773153
"cox","refit","validation",18,0.7,0.321236559139785
"cox","refit","validation",18,0.71,0.314238042269188
"cox","refit","validation",18,0.72,0.287442396313364
"cox","refit","validation",18,0.73,0.281212664277181
"cox","refit","validation",18,0.74,0.286290322580645
"cox","refit","validation",18,0.75,0.258064516129032
"cox","refit","validation",18,0.76,0.241263440860215
"cox","refit","validation",18,0.77,0.225105189340813
"cox","refit","validation",18,0.78,0.203445747800586
"cox","refit","validation",18,0.79,0.211213517665131
"cox","refit","validation",18,0.8,0.209677419354839
"cox","refit","validation",18,0.81,0.205220713073005
"cox","refit","validation",18,0.82,0.206093189964158
"cox","refit","validation",18,0.83,0.208491461100569
"cox","refit","validation",18,0.84,0.199596774193548
"cox","refit","validation",18,0.85,0.192204301075269
"cox","refit","validation",18,0.86,0.174539170506912
"cox","refit","validation",18,0.87,0.147332506203474
"cox","refit","validation",18,0.88,0.122311827956989
"cox","refit","validation",18,0.89,0.0868768328445748
"cox","refit","validation",18,0.9,0.060483870967742
"cox","refit","validation",18,0.91,0.0627240143369176
"cox","refit","validation",18,0.92,0.0625
"cox","refit","validation",18,0.93,0.0167050691244239
"cox","refit","validation",18,0.94,-0.0282258064516131
"cox","refit","validation",18,0.95,-0.0725806451612906
"cox","refit","validation",18,0.96,-0.0604838709677424
"cox","refit","validation",18,0.97,-0.0255376344086018
"cox","refit","validation",18,0.98,0.0887096774193548
"cox","refit","validation",18,0.99,0.0604838709677419
"cox","external","validation",18,0.01,0.697203516647961
"cox","external","validation",18,0.02,0.694113756613757
"cox","external","validation",18,0.03,0.690960290187094
"cox","external","validation",18,0.04,0.68774112654321
"cox","external","validation",18,0.05,0.684454191033139
"cox","external","validation",18,0.06,0.68109732072498
"cox","external","validation",18,0.07,0.677668259657507
"cox","external","validation",18,0.08,0.674164653784219
"cox","external","validation",18,0.09,0.670584045584046
"cox","external","validation",18,0.1,0.666923868312757
"cox","external","validation",18,0.11,0.663181439866833
"cox","external","validation",18,0.12,0.659353956228956
"cox","external","validation",18,0.13,0.655438484461473
"cox","external","validation",18,0.14,0.651431955211025
"cox","external","validation",18,0.15,0.647331154684096
"cox","external","validation",18,0.16,0.643132716049383
"cox","external","validation",18,0.17,0.638833110218653
"cox","external","validation",18,0.18,0.634428635953026
"cox","external","validation",18,0.19,0.629915409236397
"cox","external","validation",18,0.2,0.625289351851852
"cox","external","validation",18,0.21,0.621633652083907
"cox","external","validation",18,0.22,0.617987755386007
"cox","external","validation",18,0.23,0.614352045803659
"cox","external","validation",18,0.24,0.609436898698359
"cox","external","validation",18,0.25,0.604390681003584
"cox","external","validation",18,0.26,0.599208079046789
"cox","external","validation",18,0.27,0.593883487995287
"cox","external","validation",18,0.28,0.58999670318523
"cox","external","validation",18,0.29,0.586114185495176
"cox","external","validation",18,0.3,0.580489549435429
"cox","external","validation",18,0.31,0.574701880446415
"cox","external","validation",18,0.32,0.560660913539671
"cox","external","validation",18,0.33,0.548446695429835
"cox","external","validation",18,0.34,0.536228926801786
"cox","external","validation",18,0.35,0.529900438827024
"cox","external","validation",18,0.36,0.537111613721958
"cox","external","validation",18,0.37,0.530980256848113
"cox","external","validation",18,0.38,0.519070679580565
"cox","external","validation",18,0.39,0.504555256286254
"cox","external","validation",18,0.4,0.500623039874552
"cox","external","validation",18,0.41,0.494262812734816
"cox","external","validation",18,0.42,0.493521330006313
"cox","external","validation",18,0.43,0.485925173412997
"cox","external","validation",18,0.44,0.481542818740399
"cox","external","validation",18,0.45,0.470785071839316
"cox","external","validation",18,0.46,0.463822310326185
"cox","external","validation",18,0.47,0.44806973306669
"cox","external","validation",18,0.48,0.443885929061451
"cox","external","validation",18,0.49,0.432652541833683
"cox","external","validation",18,0.5,0.413060582218725
"cox","external","validation",18,0.51,0.40581797235023
"cox","external","validation",18,0.52,0.40740238144472
"cox","external","validation",18,0.53,0.393573837019158
"cox","external","validation",18,0.54,0.386439046659827
"cox","external","validation",18,0.55,0.374939455584617
"cox","external","validation",18,0.56,0.355019483388905
"cox","external","validation",18,0.57,0.348209448195382
"cox","external","validation",18,0.58,0.340551313532241
"cox","external","validation",18,0.59,0.332531715357182
"cox","external","validation",18,0.6,0.311958353394319
"cox","external","validation",18,0.61,0.286894763631736
"cox","external","validation",18,0.62,0.272051095480637
"cox","external","validation",18,0.63,0.261332142528051
"cox","external","validation",18,0.64,0.246634137525978
"cox","external","validation",18,0.65,0.258792141644434
"cox","external","validation",18,0.66,0.233331895808177
"cox","external","validation",18,0.67,0.215420332355816
"cox","external","validation",18,0.68,0.240198818268924
"cox","external","validation",18,0.69,0.214921902657241
"cox","external","validation",18,0.7,0.189058567833448
"cox","external","validation",18,0.71,0.162479915956
"cox","external","validation",18,0.72,0.161924610366075
"cox","external","validation",18,0.73,0.174434340752541
"cox","external","validation",18,0.74,0.1558105872622
"cox","external","validation",18,0.75,0.137593901900133
"cox","external","validation",18,0.76,0.161485117656226
"cox","external","validation",18,0.77,0.149384563856733
"cox","external","validation",18,0.78,0.150124069478908
"cox","external","validation",18,0.79,0.124033643071189
"cox","external","validation",18,0.8,0.101015016685206
"cox","external","validation",18,0.81,0.102601048461561
"cox","external","validation",18,0.82,0.0865015360983102
"cox","external","validation",18,0.83,0.0689796446437811
"cox","external","validation",18,0.84,0.0630929791271347
"cox","external","validation",18,0.85,0.047675521821632
"cox","external","validation",18,0.86,0.0270737327188939
"cox","external","validation",18,0.87,0.0490074441687347
"cox","external","validation",18,0.88,0.0147849462365591
"cox","external","validation",18,0.89,-0.0106304985337244
"cox","external","validation",18,0.9,-0.00806451612903228
"cox","external","validation",18,0.91,-0.00224014336917577
"cox","external","validation",18,0.92,0.00806451612903231
"cox","external","validation",18,0.93,0.02073732718894
"cox","external","validation",18,0.94,0.043010752688172
"cox","external","validation",18,0.95,-0.00806451612903228
"cox","external","validation",18,0.96,-0.0685483870967744
"cox","external","validation",18,0.97,-0.155913978494623
"cox","external","validation",18,0.98,-0.104838709677419
"cox","external","validation",18,0.99,0.0725806451612903
"rsf","refit","training",6,0.01,0.372025383395029
"rsf","refit","training",6,0.02,0.365617479143958
"rsf","refit","training",6,0.03,0.359077453155751
"rsf","refit","training",6,0.04,0.352401176626124
"rsf","refit","training",6,0.05,0.345637749618345
"rsf","refit","training",6,0.06,0.339528283001601
"rsf","refit","training",6,0.07,0.332959406369363
"rsf","refit","training",6,0.08,0.327061642830574
"rsf","refit","training",6,0.09,0.3210221369287
"rsf","refit","training",6,0.1,0.314622855465728
"rsf","refit","training",6,0.11,0.308215725806452
"rsf","refit","training",6,0.12,0.302489973945266
"rsf","refit","training",6,0.13,0.297189818584223
"rsf","refit","training",6,0.14,0.292894298772582
"rsf","refit","training",6,0.15,0.287202297343198
"rsf","refit","training",6,0.16,0.284092087710788
"rsf","refit","training",6,0.17,0.277354813416931
"rsf","refit","training",6,0.18,0.272939184384555
"rsf","refit","training",6,0.19,0.26610944630511
"rsf","refit","training",6,0.2,0.262036459357789
"rsf","refit","training",6,0.21,0.258870673428301
"rsf","refit","training",6,0.22,0.254069322050364
"rsf","refit","training",6,0.23,0.249867259910252
"rsf","refit","training",6,0.24,0.243982833262468
"rsf","refit","training",6,0.25,0.241795679303038
"rsf","refit","training",6,0.26,0.233322971982246
"rsf","refit","training",6,0.27,0.230069479983023
"rsf","refit","training",6,0.28,0.228184318082071
"rsf","refit","training",6,0.29,0.224066290532569
"rsf","refit","training",6,0.3,0.219944102173612
"rsf","refit","training",6,0.31,0.219427067137136
"rsf","refit","training",6,0.32,0.220088660993691
"rsf","refit","training",6,0.33,0.214033939036741
"rsf","refit","training",6,0.34,0.207708238504225
"rsf","refit","training",6,0.35,0.205006103686161
"rsf","refit","training",6,0.36,0.199867166498656
"rsf","refit","training",6,0.37,0.198193282071202
"rsf","refit","training",6,0.38,0.199373248118045
"rsf","refit","training",6,0.39,0.195536282655509
"rsf","refit","training",6,0.4,0.196154494481706
"rsf","refit","training",6,0.41,0.195268948724163
"rsf","refit","training",6,0.42,0.185196445470091
"rsf","refit","training",6,0.43,0.18967685105597
"rsf","refit","training",6,0.44,0.183214769993067
"rsf","refit","training",6,0.45,0.176094865268633
"rsf","refit","training",6,0.46,0.182756765951737
"rsf","refit","training",6,0.47,0.173805649877382
"rsf","refit","training",6,0.48,0.162330905306972
"rsf","refit","training",6,0.49,0.158387510665665
"rsf","refit","training",6,0.5,0.149611175115207
"rsf","refit","training",6,0.51,0.148102569473537
"rsf","refit","training",6,0.52,0.141733870967742
"rsf","refit","training",6,0.53,0.140480664288849
"rsf","refit","training",6,0.54,0.132273690468931
"rsf","refit","training",6,0.55,0.125744047619048
"rsf","refit","training",6,0.56,0.122181382262027
"rsf","refit","training",6,0.57,0.115854679207185
"rsf","refit","training",6,0.58,0.113389435141671
"rsf","refit","training",6,0.59,0.110277999707998
"rsf","refit","training",6,0.6,0.108234295415959
"rsf","refit","training",6,0.61,0.105659037482043
"rsf","refit","training",6,0.62,0.104948439188146
"rsf","refit","training",6,0.63,0.102127032155495
"rsf","refit","training",6,0.64,0.0983655149051491
"rsf","refit","training",6,0.65,0.097578400861811
"rsf","refit","training",6,0.66,0.0949703338558425
"rsf","refit","training",6,0.67,0.0846866761456204
"rsf","refit","training",6,0.68,0.0824092741935484
"rsf","refit","training",6,0.69,0.0836127102144943
"rsf","refit","training",6,0.7,0.087574156470152
"rsf","refit","training",6,0.71,0.0774819243604004
"rsf","refit","training",6,0.72,0.0705645161290323
"rsf","refit","training",6,0.73,0.0690337514934289
"rsf","refit","training",6,0.74,0.0618021091811414
"rsf","refit","training",6,0.75,0.0493951612903226
"rsf","refit","training",6,0.76,0.0379704301075269
"rsf","refit","training",6,0.77,0.0265164796633941
"rsf","refit","training",6,0.78,0.0175953079178886
"rsf","refit","training",6,0.79,0.0113287250384025
"rsf","refit","training",6,0.8,0.00705645161290323
"rsf","refit","training",6,0.81,0.00403225806451613
"rsf","refit","training",6,0.82,0.00100806451612903
"rsf","refit","training",6,0.83,NA
"rsf","refit","training",6,0.84,NA
"rsf","refit","training",6,0.85,NA
"rsf","refit","training",6,0.86,NA
"rsf","refit","training",6,0.87,NA
"rsf","refit","training",6,0.88,NA
"rsf","refit","training",6,0.89,NA
"rsf","refit","training",6,0.9,NA
"rsf","refit","training",6,0.91,NA
"rsf","refit","training",6,0.92,NA
"rsf","refit","training",6,0.93,NA
"rsf","refit","training",6,0.94,NA
"rsf","refit","training",6,0.95,NA
"rsf","refit","training",6,0.96,NA
"rsf","refit","training",6,0.97,NA
"rsf","refit","training",6,0.98,NA
"rsf","refit","training",6,0.99,NA
"rsf","refit","validation",6,0.01,0.345304900860457
"rsf","refit","validation",6,0.02,0.338624338624339
"rsf","refit","validation",6,0.03,0.331806032836961
"rsf","refit","validation",6,0.04,0.324845679012346
"rsf","refit","validation",6,0.05,0.317738791423002
"rsf","refit","validation",6,0.06,0.310480693459417
"rsf","refit","validation",6,0.07,0.303066507367583
"rsf","refit","validation",6,0.08,0.29549114331723
"rsf","refit","validation",6,0.09,0.287749287749288
"rsf","refit","validation",6,0.1,0.279835390946502
"rsf","refit","validation",6,0.11,0.271743653766126
"rsf","refit","validation",6,0.12,0.263468013468014
"rsf","refit","validation",6,0.13,0.255610238766588
"rsf","refit","validation",6,0.14,0.247663551401869
"rsf","refit","validation",6,0.15,0.239624814032837
"rsf","refit","validation",6,0.16,0.233813088439574
"rsf","refit","validation",6,0.17,0.229083316186949
"rsf","refit","validation",6,0.18,0.221573504215474
"rsf","refit","validation",6,0.19,0.222441844121161
"rsf","refit","validation",6,0.2,0.213180856689582
"rsf","refit","validation",6,0.21,0.207065856173114
"rsf","refit","validation",6,0.22,0.202147284876535
"rsf","refit","validation",6,0.23,0.197004302055236
"rsf","refit","validation",6,0.24,0.196323118455325
"rsf","refit","validation",6,0.25,0.200764006791171
"rsf","refit","validation",6,0.26,0.203692797121074
"rsf","refit","validation",6,0.27,0.202951075860156
"rsf","refit","validation",6,0.28,0.209677419354839
"rsf","refit","validation",6,0.29,0.217989711032395
"rsf","refit","validation",6,0.3,0.206378299120235
"rsf","refit","validation",6,0.31,0.202152335742799
"rsf","refit","validation",6,0.32,0.201612903225806
"rsf","refit","validation",6,0.33,0.192886374578719
"rsf","refit","validation",6,0.34,0.18291788856305
"rsf","refit","validation",6,0.35,0.17741935483871
"rsf","refit","validation",6,0.36,0.164314516129032
"rsf","refit","validation",6,0.37,0.166154633896569
"rsf","refit","validation",6,0.38,0.170265348595213
"rsf","refit","validation",6,0.39,0.173453199365415
"rsf","refit","validation",6,0.4,0.165322580645161
"rsf","refit","validation",6,0.41,0.168193001640241
"rsf","refit","validation",6,0.42,0.159343715239155
"rsf","refit","validation",6,0.43,0.143817204301075
"rsf","refit","validation",6,0.44,0.138824884792627
"rsf","refit","validation",6,0.45,0.136730205278592
"rsf","refit","validation",6,0.46,0.140830346475508
"rsf","refit","validation",6,0.47,0.142118076688984
"rsf","refit","validation",6,0.48,0.136166253101737
"rsf","refit","validation",6,0.49,0.118358633776091
"rsf","refit","validation",6,0.5,0.120967741935484
"rsf","refit","validation",6,0.51,0.115783410138249
"rsf","refit","validation",6,0.52,0.123319892473118
"rsf","refit","validation",6,0.53,0.118393960192176
"rsf","refit","validation",6,0.54,0.118162692847125
"rsf","refit","validation",6,0.55,0.106182795698925
"rsf","refit","validation",6,0.56,0.101539589442815
"rsf","refit","validation",6,0.57,0.103525881470368
"rsf","refit","validation",6,0.58,0.092741935483871
"rsf","refit","validation",6,0.59,0.0766129032258065
"rsf","refit","validation",6,0.6,0.0766129032258065
"rsf","refit","validation",6,0.61,0.0645161290322581
"rsf","refit","validation",6,0.62,0.0524193548387097
"rsf","refit","validation",6,0.63,0.0483870967741935
"rsf","refit","validation",6,0.64,0.0403225806451613
"rsf","refit","validation",6,0.65,0.0201612903225806
"rsf","refit","validation",6,0.66,0.00806451612903226
"rsf","refit","validation",6,0.67,0.00403225806451613
"rsf","refit","validation",6,0.68,0.00403225806451613
"rsf","refit","validation",6,0.69,0.00403225806451613
"rsf","refit","validation",6,0.7,0.00403225806451613
"rsf","refit","validation",6,0.71,0.00403225806451613
"rsf","refit","validation",6,0.72,NA
"rsf","refit","validation",6,0.73,NA
"rsf","refit","validation",6,0.74,NA
"rsf","refit","validation",6,0.75,NA
"rsf","refit","validation",6,0.76,NA
"rsf","refit","validation",6,0.77,NA
"rsf","refit","validation",6,0.78,NA
"rsf","refit","validation",6,0.79,NA
"rsf","refit","validation",6,0.8,NA
"rsf","refit","validation",6,0.81,NA
"rsf","refit","validation",6,0.82,NA
"rsf","refit","validation",6,0.83,NA
"rsf","refit","validation",6,0.84,NA
"rsf","refit","validation",6,0.85,NA
"rsf","refit","validation",6,0.86,NA
"rsf","refit","validation",6,0.87,NA
"rsf","refit","validation",6,0.88,NA
"rsf","refit","validation",6,0.89,NA
"rsf","refit","validation",6,0.9,NA
"rsf","refit","validation",6,0.91,NA
"rsf","refit","validation",6,0.92,NA
"rsf","refit","validation",6,0.93,NA
"rsf","refit","validation",6,0.94,NA
"rsf","refit","validation",6,0.95,NA
"rsf","refit","validation",6,0.96,NA
"rsf","refit","validation",6,0.97,NA
"rsf","refit","validation",6,0.98,NA
"rsf","refit","validation",6,0.99,NA
"rsf","external","validation",6,0.01,0.345304900860457
"rsf","external","validation",6,0.02,0.338624338624339
"rsf","external","validation",6,0.03,0.331806032836961
"rsf","external","validation",6,0.04,0.324845679012346
"rsf","external","validation",6,0.05,0.317738791423002
"rsf","external","validation",6,0.06,0.311005843526899
"rsf","external","validation",6,0.07,0.303684019437178
"rsf","external","validation",6,0.08,0.296559041015612
"rsf","external","validation",6,0.09,0.28977048406417
"rsf","external","validation",6,0.1,0.283010495446828
"rsf","external","validation",6,0.11,0.268199484828118
"rsf","external","validation",6,0.12,0.262055241754908
"rsf","external","validation",6,0.13,0.25139043381535
"rsf","external","validation",6,0.14,0.242747542555742
"rsf","external","validation",6,0.15,0.237803355637671
"rsf","external","validation",6,0.16,0.220198440526281
"rsf","external","validation",6,0.17,0.216572724489596
"rsf","external","validation",6,0.18,0.215139150641319
"rsf","external","validation",6,0.19,0.202446361756773
"rsf","external","validation",6,0.2,0.195010702907208
"rsf","external","validation",6,0.21,0.189790475704369
"rsf","external","validation",6,0.22,0.189232810200552
"rsf","external","validation",6,0.23,0.171072545271434
"rsf","external","validation",6,0.24,0.160741467127217
"rsf","external","validation",6,0.25,0.153483184625944
"rsf","external","validation",6,0.26,0.147893802246269
"rsf","external","validation",6,0.27,0.154290955842186
"rsf","external","validation",6,0.28,0.150806451612903
"rsf","external","validation",6,0.29,0.13932481854604
"rsf","external","validation",6,0.3,0.12975107329946
"rsf","external","validation",6,0.31,0.127766090073243
"rsf","external","validation",6,0.32,0.121283997469956
"rsf","external","validation",6,0.33,0.104819641810113
"rsf","external","validation",6,0.34,0.104756418696511
"rsf","external","validation",6,0.35,0.105378142194411
"rsf","external","validation",6,0.36,0.100458843159066
"rsf","external","validation",6,0.37,0.0865297731996024
"rsf","external","validation",6,0.38,0.0749029212456537
"rsf","external","validation",6,0.39,0.0804607698516518
"rsf","external","validation",6,0.4,0.0789463859020311
"rsf","external","validation",6,0.41,0.0820278761657989
"rsf","external","validation",6,0.42,0.0804713570634038
"rsf","external","validation",6,0.43,0.0869183620615234
"rsf","external","validation",6,0.44,0.0847545671494404
"rsf","external","validation",6,0.45,0.0937852470110535
"rsf","external","validation",6,0.46,0.0962469217077512
"rsf","external","validation",6,0.47,0.110429730074028
"rsf","external","validation",6,0.48,0.103016439205955
"rsf","external","validation",6,0.49,0.0917418841991897
"rsf","external","validation",6,0.5,0.0971407624633431
"rsf","external","validation",6,0.51,0.0945972230534443
"rsf","external","validation",6,0.52,0.0923083593479015
"rsf","external","validation",6,0.53,0.0820668693009119
"rsf","external","validation",6,0.54,0.0811711079943899
"rsf","external","validation",6,0.55,0.0840800477897252
"rsf","external","validation",6,0.56,0.0779264418377322
"rsf","external","validation",6,0.57,0.0812893440751492
"rsf","external","validation",6,0.58,0.0751602885193348
"rsf","external","validation",6,0.59,0.0727773406766326
"rsf","external","validation",6,0.6,0.0665322580645161
"rsf","external","validation",6,0.61,0.0561414392059553
"rsf","external","validation",6,0.62,0.0602716468590832
"rsf","external","validation",6,0.63,0.0539450741063644
"rsf","external","validation",6,0.64,0.0586917562724014
"rsf","external","validation",6,0.65,0.0714285714285714
"rsf","external","validation",6,0.66,0.0697343453510436
"rsf","external","validation",6,0.67,0.0679374389051808
"rsf","external","validation",6,0.68,0.0619959677419355
"rsf","external","validation",6,0.69,0.0559313215400624
"rsf","external","validation",6,0.7,0.0497311827956989
"rsf","external","validation",6,0.71,0.039349276974416
"rsf","external","validation",6,0.72,0.0455069124423963
"rsf","external","validation",6,0.73,0.0318100358422939
"rsf","external","validation",6,0.74,0.0334987593052109
"rsf","external","validation",6,0.75,0.0201612903225806
"rsf","external","validation",6,0.76,0.0315860215053764
"rsf","external","validation",6,0.77,0.0106942496493689
"rsf","external","validation",6,0.78,-0.00219941348973607
"rsf","external","validation",6,0.79,-0.00710445468509984
"rsf","external","validation",6,0.8,0.00403225806451613
"rsf","external","validation",6,0.81,NA
"rsf","external","validation",6,0.82,NA
"rsf","external","validation",6,0.83,NA
"rsf","external","validation",6,0.84,NA
"rsf","external","validation",6,0.85,NA
"rsf","external","validation",6,0.86,NA
"rsf","external","validation",6,0.87,NA
"rsf","external","validation",6,0.88,NA
"rsf","external","validation",6,0.89,NA
"rsf","external","validation",6,0.9,NA
"rsf","external","validation",6,0.91,NA
"rsf","external","validation",6,0.92,NA
"rsf","external","validation",6,0.93,NA
"rsf","external","validation",6,0.94,NA
"rsf","external","validation",6,0.95,NA
"rsf","external","validation",6,0.96,NA
"rsf","external","validation",6,0.97,NA
"rsf","external","validation",6,0.98,NA
"rsf","external","validation",6,0.99,NA
"rsf","refit","training",12,0.01,0.59560479907748
"rsf","refit","training",12,0.02,0.591478317435413
"rsf","refit","training",12,0.03,0.587266753697634
"rsf","refit","training",12,0.04,0.582967449048651
"rsf","refit","training",12,0.05,0.578577632722847
"rsf","refit","training",12,0.06,0.574094416049686
"rsf","refit","training",12,0.07,0.569514786114737
"rsf","refit","training",12,0.08,0.564835599007288
"rsf","refit","training",12,0.09,0.560053572622753
"rsf","refit","training",12,0.1,0.555165278985228
"rsf","refit","training",12,0.11,0.550167136052478
"rsf","refit","training",12,0.12,0.545055398962165
"rsf","refit","training",12,0.13,0.539978142754037
"rsf","refit","training",12,0.14,0.535964765774907
"rsf","refit","training",12,0.15,0.531688271920989
"rsf","refit","training",12,0.16,0.5260569488895
"rsf","refit","training",12,0.17,0.52121364712919
"rsf","refit","training",12,0.18,0.516326017951314
"rsf","refit","training",12,0.19,0.51139242018315
"rsf","refit","training",12,0.2,0.506664767592629
"rsf","refit","training",12,0.21,0.501380338756939
"rsf","refit","training",12,0.22,0.4968701841869
"rsf","refit","training",12,0.23,0.49146537713299
"rsf","refit","training",12,0.24,0.487572000255873
"rsf","refit","training",12,0.25,0.482073920318356
"rsf","refit","training",12,0.26,0.477607664940019
"rsf","refit","training",12,0.27,0.471770483967293
"rsf","refit","training",12,0.28,0.466920086532689
"rsf","refit","training",12,0.29,0.462460553997195
"rsf","refit","training",12,0.3,0.456281213131488
"rsf","refit","training",12,0.31,0.451671621407344
"rsf","refit","training",12,0.32,0.44960472741987
"rsf","refit","training",12,0.33,0.439749377926092
"rsf","refit","training",12,0.34,0.434370437674901
"rsf","refit","training",12,0.35,0.431113837206467
"rsf","refit","training",12,0.36,0.42507674183822
"rsf","refit","training",12,0.37,0.422114294281856
"rsf","refit","training",12,0.38,0.421146546288375
"rsf","refit","training",12,0.39,0.415071212200257
"rsf","refit","training",12,0.4,0.408674236845375
"rsf","refit","training",12,0.41,0.403761909993561
"rsf","refit","training",12,0.42,0.399130460317254
"rsf","refit","training",12,0.43,0.397342431918951
"rsf","refit","training",12,0.44,0.386377801370077
"rsf","refit","training",12,0.45,0.3877584210695
"rsf","refit","training",12,0.46,0.384347024996392
"rsf","refit","training",12,0.47,0.384078660350153
"rsf","refit","training",12,0.48,0.380902720610815
"rsf","refit","training",12,0.49,0.373923806672541
"rsf","refit","training",12,0.5,0.36427098975451
"rsf","refit","training",12,0.51,0.362015080083241
"rsf","refit","training",12,0.52,0.359154738624734
"rsf","refit","training",12,0.53,0.353439950691644
"rsf","refit","training",12,0.54,0.343788608420636
"rsf","refit","training",12,0.55,0.347498519877552
"rsf","refit","training",12,0.56,0.343885635809036
"rsf","refit","training",12,0.57,0.33858261850448
"rsf","refit","training",12,0.58,0.334687129160952
"rsf","refit","training",12,0.59,0.331453262961966
"rsf","refit","training",12,0.6,0.327048379051031
"rsf","refit","training",12,0.61,0.326053879677864
"rsf","refit","training",12,0.62,0.318728346908079
"rsf","refit","training",12,0.63,0.316496337299635
"rsf","refit","training",12,0.64,0.30902577764977
"rsf","refit","training",12,0.65,0.311516389879141
"rsf","refit","training",12,0.66,0.304397265282707
"rsf","refit","training",12,0.67,0.296008354606637
"rsf","refit","training",12,0.68,0.282015558429702
"rsf","refit","training",12,0.69,0.274989388794567
"rsf","refit","training",12,0.7,0.264777796842828
"rsf","refit","training",12,0.71,0.243815729598544
"rsf","refit","training",12,0.72,0.234513791491351
"rsf","refit","training",12,0.73,0.220746572225067
"rsf","refit","training",12,0.74,0.188713871591991
"rsf","refit","training",12,0.75,0.194272489777374
"rsf","refit","training",12,0.76,0.180466116995667
"rsf","refit","training",12,0.77,0.168905239107813
"rsf","refit","training",12,0.78,0.159027811162925
"rsf","refit","training",12,0.79,0.162274169330621
"rsf","refit","training",12,0.8,0.158072270471464
"rsf","refit","training",12,0.81,0.143866956473068
"rsf","refit","training",12,0.82,0.128541559993173
"rsf","refit","training",12,0.83,0.118062144212524
"rsf","refit","training",12,0.84,0.109857117812062
"rsf","refit","training",12,0.85,0.1022697710718
"rsf","refit","training",12,0.86,0.100533862738644
"rsf","refit","training",12,0.87,0.0887096774193548
"rsf","refit","training",12,0.88,0.0715725806451613
"rsf","refit","training",12,0.89,0.0564516129032258
"rsf","refit","training",12,0.9,0.0403225806451613
"rsf","refit","training",12,0.91,0.0262096774193548
"rsf","refit","training",12,0.92,0.0171370967741935
"rsf","refit","training",12,0.93,0.00806451612903226
"rsf","refit","training",12,0.94,0.00201612903225806
"rsf","refit","training",12,0.95,NA
"rsf","refit","training",12,0.96,NA
"rsf","refit","training",12,0.97,NA
"rsf","refit","training",12,0.98,NA
"rsf","refit","training",12,0.99,NA
"rsf","refit","validation",12,0.01,0.558080808080808
"rsf","refit","validation",12,0.02,0.553571428571429
"rsf","refit","validation",12,0.03,0.548969072164949
"rsf","refit","validation",12,0.04,0.544270833333333
"rsf","refit","validation",12,0.05,0.539473684210526
"rsf","refit","validation",12,0.06,0.534574468085106
"rsf","refit","validation",12,0.07,0.529569892473118
"rsf","refit","validation",12,0.08,0.52445652173913
"rsf","refit","validation",12,0.09,0.519230769230769
"rsf","refit","validation",12,0.1,0.513888888888889
"rsf","refit","validation",12,0.11,0.508426966292135
"rsf","refit","validation",12,0.12,0.502840909090909
"rsf","refit","validation",12,0.13,0.497126436781609
"rsf","refit","validation",12,0.14,0.491279069767442
"rsf","refit","validation",12,0.15,0.485294117647059
"rsf","refit","validation",12,0.16,0.479166666666667
"rsf","refit","validation",12,0.17,0.47289156626506
"rsf","refit","validation",12,0.18,0.466463414634146
"rsf","refit","validation",12,0.19,0.459876543209877
"rsf","refit","validation",12,0.2,0.453125
"rsf","refit","validation",12,0.21,0.44620253164557
"rsf","refit","validation",12,0.22,0.439102564102564
"rsf","refit","validation",12,0.23,0.433034800908019
"rsf","refit","validation",12,0.24,0.426913587103121
"rsf","refit","validation",12,0.25,0.419379961812883
"rsf","refit","validation",12,0.26,0.411642725028315
"rsf","refit","validation",12,0.27,0.403693509153758
"rsf","refit","validation",12,0.28,0.397104851330203
"rsf","refit","validation",12,0.29,0.390444309190505
"rsf","refit","validation",12,0.3,0.385450954575379
"rsf","refit","validation",12,0.31,0.382373417078277
"rsf","refit","validation",12,0.32,0.379562451166425
"rsf","refit","validation",12,0.33,0.376988469188758
"rsf","refit","validation",12,0.34,0.377025576684705
"rsf","refit","validation",12,0.35,0.375373507593572
"rsf","refit","validation",12,0.36,0.365428720771463
"rsf","refit","validation",12,0.37,0.369022573966473
"rsf","refit","validation",12,0.38,0.359371247898823
"rsf","refit","validation",12,0.39,0.353715696042025
"rsf","refit","validation",12,0.4,0.345296441513693
"rsf","refit","validation",12,0.41,0.343841642228739
"rsf","refit","validation",12,0.42,0.345980828371393
"rsf","refit","validation",12,0.43,0.338866165903517
"rsf","refit","validation",12,0.44,0.340318669283723
"rsf","refit","validation",12,0.45,0.334889522123241
"rsf","refit","validation",12,0.46,0.336056876061121
"rsf","refit","validation",12,0.47,0.339224879190546
"rsf","refit","validation",12,0.48,0.338642436967499
"rsf","refit","validation",12,0.49,0.350873888454812
"rsf","refit","validation",12,0.5,0.344416873449132
"rsf","refit","validation",12,0.51,0.347809107240491
"rsf","refit","validation",12,0.52,0.341061827956989
"rsf","refit","validation",12,0.53,0.316231983527797
"rsf","refit","validation",12,0.54,0.312412342215989
"rsf","refit","validation",12,0.55,0.319892473118279
"rsf","refit","validation",12,0.56,0.310850439882698
"rsf","refit","validation",12,0.57,0.316297824456114
"rsf","refit","validation",12,0.58,0.306643625192012
"rsf","refit","validation",12,0.59,0.297305271439811
"rsf","refit","validation",12,0.6,0.288306451612903
"rsf","refit","validation",12,0.61,0.283705541770058
"rsf","refit","validation",12,0.62,0.271434634974533
"rsf","refit","validation",12,0.63,0.274520488230166
"rsf","refit","validation",12,0.64,0.256272401433692
"rsf","refit","validation",12,0.65,0.257488479262673
"rsf","refit","validation",12,0.66,0.239326375711575
"rsf","refit","validation",12,0.67,0.229227761485826
"rsf","refit","validation",12,0.68,0.207157258064516
"rsf","refit","validation",12,0.69,0.206945889698231
"rsf","refit","validation",12,0.7,0.206989247311828
"rsf","refit","validation",12,0.71,0.206062291434928
"rsf","refit","validation",12,0.72,0.195276497695853
"rsf","refit","validation",12,0.73,0.17741935483871
"rsf","refit","validation",12,0.74,0.157258064516129
"rsf","refit","validation",12,0.75,0.125
"rsf","refit","validation",12,0.76,0.108870967741935
"rsf","refit","validation",12,0.77,0.100806451612903
"rsf","refit","validation",12,0.78,0.0887096774193548
"rsf","refit","validation",12,0.79,0.0806451612903226
"rsf","refit","validation",12,0.8,0.0645161290322581
"rsf","refit","validation",12,0.81,0.0524193548387097
"rsf","refit","validation",12,0.82,0.0403225806451613
"rsf","refit","validation",12,0.83,0.0282258064516129
"rsf","refit","validation",12,0.84,0.0241935483870968
"rsf","refit","validation",12,0.85,0.0120967741935484
"rsf","refit","validation",12,0.86,0.00403225806451613
"rsf","refit","validation",12,0.87,NA
"rsf","refit","validation",12,0.88,NA
"rsf","refit","validation",12,0.89,NA
"rsf","refit","validation",12,0.9,NA
"rsf","refit","validation",12,0.91,NA
"rsf","refit","validation",12,0.92,NA
"rsf","refit","validation",12,0.93,NA
"rsf","refit","validation",12,0.94,NA
"rsf","refit","validation",12,0.95,NA
"rsf","refit","validation",12,0.96,NA
"rsf","refit","validation",12,0.97,NA
"rsf","refit","validation",12,0.98,NA
"rsf","refit","validation",12,0.99,NA
"rsf","external","validation",12,0.01,0.558080808080808
"rsf","external","validation",12,0.02,0.553571428571429
"rsf","external","validation",12,0.03,0.548969072164949
"rsf","external","validation",12,0.04,0.544270833333333
"rsf","external","validation",12,0.05,0.539473684210526
"rsf","external","validation",12,0.06,0.534574468085106
"rsf","external","validation",12,0.07,0.529569892473118
"rsf","external","validation",12,0.08,0.52445652173913
"rsf","external","validation",12,0.09,0.519230769230769
"rsf","external","validation",12,0.1,0.513888888888889
"rsf","external","validation",12,0.11,0.508426966292135
"rsf","external","validation",12,0.12,0.502840909090909
"rsf","external","validation",12,0.13,0.497126436781609
"rsf","external","validation",12,0.14,0.491279069767442
"rsf","external","validation",12,0.15,0.486739434996187
"rsf","external","validation",12,0.16,0.481504619112525
"rsf","external","validation",12,0.17,0.475403431080068
"rsf","external","validation",12,0.18,0.470947326618962
"rsf","external","validation",12,0.19,0.464664716951574
"rsf","external","validation",12,0.2,0.459245391705069
"rsf","external","validation",12,0.21,0.454875616421145
"rsf","external","validation",12,0.22,0.449450677886863
"rsf","external","validation",12,0.23,0.43873973151673
"rsf","external","validation",12,0.24,0.431885288255702
"rsf","external","validation",12,0.25,0.423518869913557
"rsf","external","validation",12,0.26,0.412391932692266
"rsf","external","validation",12,0.27,0.408127282280599
"rsf","external","validation",12,0.28,0.402385752688172
"rsf","external","validation",12,0.29,0.398258482140808
"rsf","external","validation",12,0.3,0.392500409366301
"rsf","external","validation",12,0.31,0.384864837926542
"rsf","external","validation",12,0.32,0.377004690856201
"rsf","external","validation",12,0.33,0.372874789359653
"rsf","external","validation",12,0.34,0.360853510617064
"rsf","external","validation",12,0.35,0.357011566688986
"rsf","external","validation",12,0.36,0.349255062001387
"rsf","external","validation",12,0.37,0.335201693345533
"rsf","external","validation",12,0.38,0.32669037830584
"rsf","external","validation",12,0.39,0.319047828897115
"rsf","external","validation",12,0.4,0.321022727272727
"rsf","external","validation",12,0.41,0.311091891178522
"rsf","external","validation",12,0.42,0.299990185173068
"rsf","external","validation",12,0.43,0.290049721076886
"rsf","external","validation",12,0.44,0.271940331010453
"rsf","external","validation",12,0.45,0.257102272727273
"rsf","external","validation",12,0.46,0.239570573023002
"rsf","external","validation",12,0.47,0.232491079207094
"rsf","external","validation",12,0.48,0.226220016542597
"rsf","external","validation",12,0.49,0.231748492218332
"rsf","external","validation",12,0.5,0.222523041474654
"rsf","external","validation",12,0.51,0.205136893467064
"rsf","external","validation",12,0.52,0.20021828765462
"rsf","external","validation",12,0.53,0.190494037083099
"rsf","external","validation",12,0.54,0.185834502103787
"rsf","external","validation",12,0.55,0.179270227392914
"rsf","external","validation",12,0.56,0.167584655487881
"rsf","external","validation",12,0.57,0.160358397121404
"rsf","external","validation",12,0.58,0.160739645827899
"rsf","external","validation",12,0.59,0.144941454158375
"rsf","external","validation",12,0.6,0.131286853971557
"rsf","external","validation",12,0.61,0.137204812222935
"rsf","external","validation",12,0.62,0.126905081533541
"rsf","external","validation",12,0.63,0.124858967126519
"rsf","external","validation",12,0.64,0.118846353154554
"rsf","external","validation",12,0.65,0.124039938556067
"rsf","external","validation",12,0.66,0.118964096674323
"rsf","external","validation",12,0.67,0.118339827796301
"rsf","external","validation",12,0.68,0.119222436206066
"rsf","external","validation",12,0.69,0.135300929811017
"rsf","external","validation",12,0.7,0.14064027370479
"rsf","external","validation",12,0.71,0.119994438264739
"rsf","external","validation",12,0.72,0.100002679241239
"rsf","external","validation",12,0.73,0.0970145991782499
"rsf","external","validation",12,0.74,0.0829714640198512
"rsf","external","validation",12,0.75,0.0890198511166252
"rsf","external","validation",12,0.76,0.100134408602151
"rsf","external","validation",12,0.77,0.0923913043478262
"rsf","external","validation",12,0.78,0.0857771260997067
"rsf","external","validation",12,0.79,0.080453149001536
"rsf","external","validation",12,0.8,0.0725806451612903
"rsf","external","validation",12,0.81,0.0643039049235993
"rsf","external","validation",12,0.82,0.0474910394265232
"rsf","external","validation",12,0.83,0.0381878557874762
"rsf","external","validation",12,0.84,0.0493951612903225
"rsf","external","validation",12,0.85,0.0591397849462366
"rsf","external","validation",12,0.86,0.0720046082949309
"rsf","external","validation",12,0.87,0.0766129032258065
"rsf","external","validation",12,0.88,0.0725806451612903
"rsf","external","validation",12,0.89,0.0645161290322581
"rsf","external","validation",12,0.9,0.0362903225806452
"rsf","external","validation",12,0.91,0.0241935483870968
"rsf","external","validation",12,0.92,0.00806451612903226
"rsf","external","validation",12,0.93,0.00403225806451613
"rsf","external","validation",12,0.94,0.00403225806451613
"rsf","external","validation",12,0.95,NA
"rsf","external","validation",12,0.96,NA
"rsf","external","validation",12,0.97,NA
"rsf","external","validation",12,0.98,NA
"rsf","external","validation",12,0.99,NA
"rsf","refit","training",18,0.01,0.697216791187453
"rsf","refit","training",18,0.02,0.694127166607733
"rsf","refit","training",18,0.03,0.690973838428432
"rsf","refit","training",18,0.04,0.687754815912061
"rsf","refit","training",18,0.05,0.684468024500609
"rsf","refit","training",18,0.06,0.681111301356999
"rsf","refit","training",18,0.07,0.677682390618902
"rsf","refit","training",18,0.08,0.67417893834302
"rsf","refit","training",18,0.09,0.670598487116021
"rsf","refit","training",18,0.1,0.666938470306199
"rsf","refit","training",18,0.11,0.663196205927617
"rsf","refit","training",18,0.12,0.659368890085885
"rsf","refit","training",18,0.13,0.655453589971929
"rsf","refit","training",18,0.14,0.651447236366952
"rsf","refit","training",18,0.15,0.647346615618328
"rsf","refit","training",18,0.16,0.643148361042356
"rsf","refit","training",18,0.17,0.638848943705516
"rsf","refit","training",18,0.18,0.634444662531193
"rsf","refit","training",18,0.19,0.629931633673554
"rsf","refit","training",18,0.2,0.625817114329568
"rsf","refit","training",18,0.21,0.622192974219407
"rsf","refit","training",18,0.22,0.617858021115095
"rsf","refit","training",18,0.23,0.613357304146983
"rsf","refit","training",18,0.24,0.610699188901731
"rsf","refit","training",18,0.25,0.605102429904739
"rsf","refit","training",18,0.26,0.600782576364998
"rsf","refit","training",18,0.27,0.596022461795121
"rsf","refit","training",18,0.28,0.591951110689665
"rsf","refit","training",18,0.29,0.587017784858609
"rsf","refit","training",18,0.3,0.583719172805505
"rsf","refit","training",18,0.31,0.578640545035745
"rsf","refit","training",18,0.32,0.573384800577054
"rsf","refit","training",18,0.33,0.568092626741097
"rsf","refit","training",18,0.34,0.56325428379867
"rsf","refit","training",18,0.35,0.561156529144979
"rsf","refit","training",18,0.36,0.556439699129868
"rsf","refit","training",18,0.37,0.552152587946866
"rsf","refit","training",18,0.38,0.549072727710573
"rsf","refit","training",18,0.39,0.543096897397657
"rsf","refit","training",18,0.4,0.538370787195089
"rsf","refit","training",18,0.41,0.535380743508776
"rsf","refit","training",18,0.42,0.530160489240507
"rsf","refit","training",18,0.43,0.522249855559151
"rsf","refit","training",18,0.44,0.520189310778823
"rsf","refit","training",18,0.45,0.511550978461279
"rsf","refit","training",18,0.46,0.504096307688855
"rsf","refit","training",18,0.47,0.503892169722195
"rsf","refit","training",18,0.48,0.49853432931198
"rsf","refit","training",18,0.49,0.500037418258334
"rsf","refit","training",18,0.5,0.498074063305214
"rsf","refit","training",18,0.51,0.49242063985623
"rsf","refit","training",18,0.52,0.485811224141217
"rsf","refit","training",18,0.53,0.480554225218541
"rsf","refit","training",18,0.54,0.476749680207588
"rsf","refit","training",18,0.55,0.472076265252081
"rsf","refit","training",18,0.56,0.463789387449924
"rsf","refit","training",18,0.57,0.459535697837425
"rsf","refit","training",18,0.58,0.455219783009848
"rsf","refit","training",18,0.59,0.453512082932961
"rsf","refit","training",18,0.6,0.446839913532188
"rsf","refit","training",18,0.61,0.433164062087329
"rsf","refit","training",18,0.62,0.432672798619145
"rsf","refit","training",18,0.63,0.424015253988586
"rsf","refit","training",18,0.64,0.421106406598184
"rsf","refit","training",18,0.65,0.407202633987497
"rsf","refit","training",18,0.66,0.408385378392158
"rsf","refit","training",18,0.67,0.404364841218379
"rsf","refit","training",18,0.68,0.403097251696713
"rsf","refit","training",18,0.69,0.395727351372647
"rsf","refit","training",18,0.7,0.392508035004353
"rsf","refit","training",18,0.71,0.381740575902964
"rsf","refit","training",18,0.72,0.398232448144215
"rsf","refit","training",18,0.73,0.386031525566508
"rsf","refit","training",18,0.74,0.375899493716557
"rsf","refit","training",18,0.75,0.363795752842222
"rsf","refit","training",18,0.76,0.366604029731074
"rsf","refit","training",18,0.77,0.355131055431573
"rsf","refit","training",18,0.78,0.35091292104541
"rsf","refit","training",18,0.79,0.334458482833676
"rsf","refit","training",18,0.8,0.312568684080035
"rsf","refit","training",18,0.81,0.285389612233194
"rsf","refit","training",18,0.82,0.262768413332299
"rsf","refit","training",18,0.83,0.231379856439154
"rsf","refit","training",18,0.84,0.197300018733608
"rsf","refit","training",18,0.85,0.195704320696963
"rsf","refit","training",18,0.86,0.175604838709677
"rsf","refit","training",18,0.87,0.161001297090007
"rsf","refit","training",18,0.88,0.136831494057725
"rsf","refit","training",18,0.89,0.128824613014588
"rsf","refit","training",18,0.9,0.116935483870968
"rsf","refit","training",18,0.91,0.0957661290322581
"rsf","refit","training",18,0.92,0.0745967741935484
"rsf","refit","training",18,0.93,0.0433467741935484
"rsf","refit","training",18,0.94,0.0292338709677419
"rsf","refit","training",18,0.95,0.0151209677419355
"rsf","refit","training",18,0.96,0.00806451612903226
"rsf","refit","training",18,0.97,0.00201612903225806
"rsf","refit","training",18,0.98,NA
"rsf","refit","training",18,0.99,NA
"rsf","refit","validation",18,0.01,0.697203516647961
"rsf","refit","validation",18,0.02,0.694113756613757
"rsf","refit","validation",18,0.03,0.690960290187094
"rsf","refit","validation",18,0.04,0.68774112654321
"rsf","refit","validation",18,0.05,0.684454191033139
"rsf","refit","validation",18,0.06,0.68109732072498
"rsf","refit","validation",18,0.07,0.677668259657507
"rsf","refit","validation",18,0.08,0.674164653784219
"rsf","refit","validation",18,0.09,0.670584045584046
"rsf","refit","validation",18,0.1,0.666923868312757
"rsf","refit","validation",18,0.11,0.663181439866833
"rsf","refit","validation",18,0.12,0.659353956228956
"rsf","refit","validation",18,0.13,0.655438484461473
"rsf","refit","validation",18,0.14,0.651431955211025
"rsf","refit","validation",18,0.15,0.647331154684096
"rsf","refit","validation",18,0.16,0.643132716049383
"rsf","refit","validation",18,0.17,0.638833110218653
"rsf","refit","validation",18,0.18,0.634428635953026
"rsf","refit","validation",18,0.19,0.629915409236397
"rsf","refit","validation",18,0.2,0.625289351851852
"rsf","refit","validation",18,0.21,0.620546179090483
"rsf","refit","validation",18,0.22,0.61568138651472
"rsf","refit","validation",18,0.23,0.610690235690236
"rsf","refit","validation",18,0.24,0.605567738791423
"rsf","refit","validation",18,0.25,0.600308641975309
"rsf","refit","validation",18,0.26,0.594907407407408
"rsf","refit","validation",18,0.27,0.589358193810249
"rsf","refit","validation",18,0.28,0.583654835390947
"rsf","refit","validation",18,0.29,0.577790818988002
"rsf","refit","validation",18,0.3,0.571759259259259
"rsf","refit","validation",18,0.31,0.565552871712292
"rsf","refit","validation",18,0.32,0.55916394335512
"rsf","refit","validation",18,0.33,0.552584300718629
"rsf","refit","validation",18,0.34,0.545805274971942
"rsf","refit","validation",18,0.35,0.538817663817664
"rsf","refit","validation",18,0.36,0.531611689814815
"rsf","refit","validation",18,0.37,0.528952581937207
"rsf","refit","validation",18,0.38,0.521485115776985
"rsf","refit","validation",18,0.39,0.51377281466069
"rsf","refit","validation",18,0.4,0.508512544802867
"rsf","refit","validation",18,0.41,0.500387279023146
"rsf","refit","validation",18,0.42,0.494923604843956
"rsf","refit","validation",18,0.43,0.492474465734228
"rsf","refit","validation",18,0.44,0.487035036271029
"rsf","refit","validation",18,0.45,0.48819149844831
"rsf","refit","validation",18,0.46,0.489258456819843
"rsf","refit","validation",18,0.47,0.476719415702982
"rsf","refit","validation",18,0.48,0.475396019750859
"rsf","refit","validation",18,0.49,0.474338122345712
"rsf","refit","validation",18,0.5,0.465437788018433
"rsf","refit","validation",18,0.51,0.464812033684441
"rsf","refit","validation",18,0.52,0.460791501351274
"rsf","refit","validation",18,0.53,0.45692459192504
"rsf","refit","validation",18,0.54,0.452692578882426
"rsf","refit","validation",18,0.55,0.456182795698925
"rsf","refit","validation",18,0.56,0.448707897547167
"rsf","refit","validation",18,0.57,0.431828900207508
"rsf","refit","validation",18,0.58,0.431366017063646
"rsf","refit","validation",18,0.59,0.421974798539811
"rsf","refit","validation",18,0.6,0.427316622149168
"rsf","refit","validation",18,0.61,0.418732515686492
"rsf","refit","validation",18,0.62,0.400157572932965
"rsf","refit","validation",18,0.63,0.396672381409337
"rsf","refit","validation",18,0.64,0.392025089605735
"rsf","refit","validation",18,0.65,0.398041474654378
"rsf","refit","validation",18,0.66,0.408444022770398
"rsf","refit","validation",18,0.67,0.39247311827957
"rsf","refit","validation",18,0.68,0.376512096774194
"rsf","refit","validation",18,0.69,0.410639958376691
"rsf","refit","validation",18,0.7,0.43010752688172
"rsf","refit","validation",18,0.71,0.39321468298109
"rsf","refit","validation",18,0.72,0.384792626728111
"rsf","refit","validation",18,0.73,0.360364396654719
"rsf","refit","validation",18,0.74,0.366625310173697
"rsf","refit","validation",18,0.75,0.346774193548387
"rsf","refit","validation",18,0.76,0.306451612903226
"rsf","refit","validation",18,0.77,0.279277699859747
"rsf","refit","validation",18,0.78,0.251099706744868
"rsf","refit","validation",18,0.79,0.251920122887865
"rsf","refit","validation",18,0.8,0.254032258064516
"rsf","refit","validation",18,0.81,0.221774193548387
"rsf","refit","validation",18,0.82,0.193548387096774
"rsf","refit","validation",18,0.83,0.169354838709677
"rsf","refit","validation",18,0.84,0.116935483870968
"rsf","refit","validation",18,0.85,0.100806451612903
"rsf","refit","validation",18,0.86,0.0806451612903226
"rsf","refit","validation",18,0.87,0.0604838709677419
"rsf","refit","validation",18,0.88,0.0443548387096774
"rsf","refit","validation",18,0.89,0.0282258064516129
"rsf","refit","validation",18,0.9,0.00806451612903226
"rsf","refit","validation",18,0.91,NA
"rsf","refit","validation",18,0.92,NA
"rsf","refit","validation",18,0.93,NA
"rsf","refit","validation",18,0.94,NA
"rsf","refit","validation",18,0.95,NA
"rsf","refit","validation",18,0.96,NA
"rsf","refit","validation",18,0.97,NA
"rsf","refit","validation",18,0.98,NA
"rsf","refit","validation",18,0.99,NA
"rsf","external","validation",18,0.01,0.697203516647961
"rsf","external","validation",18,0.02,0.694113756613757
"rsf","external","validation",18,0.03,0.690960290187094
"rsf","external","validation",18,0.04,0.68774112654321
"rsf","external","validation",18,0.05,0.684454191033139
"rsf","external","validation",18,0.06,0.68109732072498
"rsf","external","validation",18,0.07,0.677668259657507
"rsf","external","validation",18,0.08,0.674164653784219
"rsf","external","validation",18,0.09,0.670584045584046
"rsf","external","validation",18,0.1,0.666923868312757
"rsf","external","validation",18,0.11,0.663181439866833
"rsf","external","validation",18,0.12,0.659353956228956
"rsf","external","validation",18,0.13,0.655438484461473
"rsf","external","validation",18,0.14,0.651431955211025
"rsf","external","validation",18,0.15,0.647331154684096
"rsf","external","validation",18,0.16,0.643132716049383
"rsf","external","validation",18,0.17,0.638833110218653
"rsf","external","validation",18,0.18,0.634428635953026
"rsf","external","validation",18,0.19,0.629915409236397
"rsf","external","validation",18,0.2,0.625289351851852
"rsf","external","validation",18,0.21,0.621633652083907
"rsf","external","validation",18,0.22,0.61683449708581
"rsf","external","validation",18,0.23,0.611910688711139
"rsf","external","validation",18,0.24,0.608147025689034
"rsf","external","validation",18,0.25,0.604390681003584
"rsf","external","validation",18,0.26,0.599208079046789
"rsf","external","validation",18,0.27,0.596901158760442
"rsf","external","validation",18,0.28,0.591582581664373
"rsf","external","validation",18,0.29,0.586114185495176
"rsf","external","validation",18,0.3,0.585729794399149
"rsf","external","validation",18,0.31,0.580193386557342
"rsf","external","validation",18,0.32,0.574494143190775
"rsf","external","validation",18,0.33,0.56862477315655
"rsf","external","validation",18,0.34,0.558535920211937
"rsf","external","validation",18,0.35,0.546410499683744
"rsf","external","validation",18,0.36,0.536046954063884
"rsf","external","validation",18,0.37,0.525472369147882
"rsf","external","validation",18,0.38,0.518729207568061
"rsf","external","validation",18,0.39,0.51436520569032
"rsf","external","validation",18,0.4,0.50999037072701
"rsf","external","validation",18,0.41,0.498735647895024
"rsf","external","validation",18,0.42,0.496064221016549
"rsf","external","validation",18,0.43,0.491775862319156
"rsf","external","validation",18,0.44,0.486629644297235
"rsf","external","validation",18,0.45,0.474367329206039
"rsf","external","validation",18,0.46,0.4667241913359
"rsf","external","validation",18,0.47,0.45835272636139
"rsf","external","validation",18,0.48,0.442173563141305
"rsf","external","validation",18,0.49,0.437390189050531
"rsf","external","validation",18,0.5,0.437250815512867
"rsf","external","validation",18,0.51,0.428975486533867
"rsf","external","validation",18,0.52,0.424757760767876
"rsf","external","validation",18,0.53,0.403812549799225
"rsf","external","validation",18,0.54,0.387251464400627
"rsf","external","validation",18,0.55,0.382812665691078
"rsf","external","validation",18,0.56,0.366213454189994
"rsf","external","validation",18,0.57,0.359027645110035
"rsf","external","validation",18,0.58,0.33855951396274
"rsf","external","validation",18,0.59,0.314024390243902
"rsf","external","validation",18,0.6,0.28742266902342
"rsf","external","validation",18,0.61,0.276492232910704
"rsf","external","validation",18,0.62,0.276776360943539
"rsf","external","validation",18,0.63,0.253372106151173
"rsf","external","validation",18,0.64,0.240597986506431
"rsf","external","validation",18,0.65,0.212121212121212
"rsf","external","validation",18,0.66,0.18697137519674
"rsf","external","validation",18,0.67,0.189855106738561
"rsf","external","validation",18,0.68,0.186069754618142
"rsf","external","validation",18,0.69,0.165786468741079
"rsf","external","validation",18,0.7,0.149526487126368
"rsf","external","validation",18,0.71,0.149128116207551
"rsf","external","validation",18,0.72,0.137923008890751
"rsf","external","validation",18,0.73,0.140721149522745
"rsf","external","validation",18,0.74,0.149970765237729
"rsf","external","validation",18,0.75,0.170083560046638
"rsf","external","validation",18,0.76,0.155199401116102
"rsf","external","validation",18,0.77,0.180341280972417
"rsf","external","validation",18,0.78,0.155856477488356
"rsf","external","validation",18,0.79,0.132098159200222
"rsf","external","validation",18,0.8,0.105066950699939
"rsf","external","validation",18,0.81,0.108941709111488
"rsf","external","validation",18,0.82,0.0748207885304659
"rsf","external","validation",18,0.83,0.0481499051233396
"rsf","external","validation",18,0.84,0.095766129032258
"rsf","external","validation",18,0.85,0.0793010752688173
"rsf","external","validation",18,0.86,0.0455069124423964
"rsf","external","validation",18,0.87,0.076302729528536
"rsf","external","validation",18,0.88,0.0483870967741935
"rsf","external","validation",18,0.89,0.0311583577712609
"rsf","external","validation",18,0.9,0.112903225806452
"rsf","external","validation",18,0.91,0.0887096774193548
"rsf","external","validation",18,0.92,0.0685483870967742
"rsf","external","validation",18,0.93,0.0564516129032258
"rsf","external","validation",18,0.94,0.0362903225806452
"rsf","external","validation",18,0.95,0.00806451612903226
"rsf","external","validation",18,0.96,NA
"rsf","external","validation",18,0.97,NA
"rsf","external","validation",18,0.98,NA
"rsf","external","validation",18,0.99,NA
